Participant,ParticipantID,SessionNumber,SessionDate,Volcano,Station,DataDuration_hrs,RegionNumber,RegionStartTime,RegionEndTime,FeatureNumber,FeatureStartTime,FeatureEndTime,LowFreq_Hz,HighFreq_Hz,Type,Repetition,SpeedFactor,NumberOfEvents,Notes
P1,R_5JaVr26m73u2RY5,1,2025-11-21,maunaloa,HV.MOKD.--.HHZ,24,1,2025-11-21T13:07:56.230Z,2025-11-21T13:21:55.690Z,1,2025-11-21T13:14:15.170Z,2025-11-21T13:15:15.400Z,25.28,25.44,Impulsive,Unique,1,2,feature 2 in this region is my selection. not feature 1. click to reselect doesn't work.
P1,R_5JaVr26m73u2RY5,1,2025-11-21,maunaloa,HV.MOKD.--.HHZ,24,1,2025-11-21T13:07:56.230Z,2025-11-21T13:21:55.690Z,2,2025-11-21T13:14:12.040Z,2025-11-21T13:14:46.540Z,0.36,42.94,Impulsive,Unique,1,2,is this a quake from far away or from the volcano?
P1,R_5JaVr26m73u2RY5,1,2025-11-21,maunaloa,HV.MOKD.--.HHZ,24,2,2025-11-21T01:39:08.870Z,2025-11-21T01:50:59.190Z,1,2025-11-21T01:43:46.520Z,2025-11-21T01:45:14.110Z,0.65,35.00,Impulsive,Unique,1,2,earthquake from afar?  
P1,R_5JaVr26m73u2RY5,1,2025-11-21,maunaloa,HV.MOKD.--.HHZ,24,2,2025-11-21T01:39:08.870Z,2025-11-21T01:50:59.190Z,2,2025-11-21T01:42:32.190Z,2025-11-21T01:43:18.380Z,0.90,30.68,Impulsive,Unique,1,2,interesting. usually delay comes after big event. curious what a pre-event means...
P1,R_5JaVr26m73u2RY5,1,2025-11-21,maunaloa,HV.MOKD.--.HHZ,24,3,2025-11-21T21:52:03.760Z,2025-11-21T22:03:54.080Z,1,2025-11-21T21:59:56.240Z,2025-11-21T22:00:19.600Z,0.22,50.00,Impulsive,Unique,1,1,Drop in data?
P1,R_5JaVr26m73u2RY5,1,2025-11-21,maunaloa,HV.MOKD.--.HHZ,24,4,2025-11-21T03:09:33.090Z,2025-11-21T03:14:55.960Z,1,2025-11-21T03:09:59.390Z,2025-11-21T03:11:24.570Z,0.25,27.38,Impulsive,Unique,1,1,
P1,R_5JaVr26m73u2RY5,1,2025-11-21,maunaloa,HV.MOKD.--.HHZ,24,5,2025-11-21T05:10:05.380Z,2025-11-21T05:32:41.430Z,1,2025-11-21T05:13:04.760Z,2025-11-21T05:27:54.610Z,0.25,18.40,Continuous,Unique,1,1,different frequencies tell me its not repeated.
P1,R_5JaVr26m73u2RY5,1,2025-11-21,maunaloa,HV.MOKD.--.HHZ,24,6,2025-11-21T08:22:44.120Z,2025-11-21T08:45:20.170Z,1,2025-11-21T08:30:59.710Z,2025-11-21T08:31:22.010Z,0.52,30.59,Impulsive,Unique,1,1,?
P1,R_5JaVr26m73u2RY5,1,2025-11-21,maunaloa,HV.MOKD.--.HHZ,24,7,2025-11-21T19:14:55.960Z,2025-11-21T19:35:22.860Z,1,2025-11-21T19:20:44.400Z,2025-11-21T19:21:41.250Z,0.10,0.46,Impulsive,Unique,1,1,
P1,R_5JaVr26m73u2RY5,1,2025-11-21,maunaloa,HV.MOKD.--.HHZ,24,8,2025-11-21T00:19:30.400Z,2025-11-21T00:25:57.840Z,1,2025-11-21T00:22:38.610Z,2025-11-21T00:23:23.500Z,0.30,29.73,Impulsive,Unique,1,1,
P1,R_5JaVr26m73u2RY5,2,2025-11-29,greatsitkin,AV.GSTD.--.BHZ,24,1,2025-11-29T03:48:20.440Z,2025-11-29T03:59:06.180Z,1,2025-11-29T03:54:07.440Z,2025-11-29T03:54:44.600Z,0.10,23.25,Impulsive,Unique,1,1,
P1,R_5JaVr26m73u2RY5,2,2025-11-29,greatsitkin,AV.GSTD.--.BHZ,24,2,2025-11-29T05:28:25.820Z,2025-11-29T06:40:32.280Z,1,2025-11-29T05:28:45.220Z,2025-11-29T06:40:16.100Z,0.10,23.85,Continuous,Unique,1,1,rise in amplitude overall. something is building.
P1,R_5JaVr26m73u2RY5,2,2025-11-29,greatsitkin,AV.GSTD.--.BHZ,24,3,2025-11-29T01:34:53.260Z,2025-11-29T03:27:53.540Z,1,2025-11-29T01:43:20.000Z,2025-11-29T01:44:30.940Z,0.10,6.42,Impulsive,Unique,1,8,
P1,R_5JaVr26m73u2RY5,2,2025-11-29,greatsitkin,AV.GSTD.--.BHZ,24,3,2025-11-29T01:34:53.260Z,2025-11-29T03:27:53.540Z,2,2025-11-29T02:05:07.400Z,2025-11-29T02:07:24.220Z,0.10,16.45,Impulsive,Unique,1,8,
P1,R_5JaVr26m73u2RY5,2,2025-11-29,greatsitkin,AV.GSTD.--.BHZ,24,3,2025-11-29T01:34:53.260Z,2025-11-29T03:27:53.540Z,3,2025-11-29T02:15:25.640Z,2025-11-29T02:16:51.780Z,0.10,7.72,Impulsive,Unique,1,8,
P1,R_5JaVr26m73u2RY5,2,2025-11-29,greatsitkin,AV.GSTD.--.BHZ,24,3,2025-11-29T01:34:53.260Z,2025-11-29T03:27:53.540Z,4,2025-11-29T02:24:48.120Z,2025-11-29T02:25:59.080Z,3.08,17.45,Impulsive,Unique,1,8,
P1,R_5JaVr26m73u2RY5,2,2025-11-29,greatsitkin,AV.GSTD.--.BHZ,24,3,2025-11-29T01:34:53.260Z,2025-11-29T03:27:53.540Z,5,2025-11-29T03:10:34.700Z,2025-11-29T03:11:45.640Z,0.14,11.41,Impulsive,Unique,1,8,
P1,R_5JaVr26m73u2RY5,2,2025-11-29,greatsitkin,AV.GSTD.--.BHZ,24,3,2025-11-29T01:34:53.260Z,2025-11-29T03:27:53.540Z,6,2025-11-29T03:14:43.000Z,2025-11-29T03:15:38.740Z,0.15,9.13,Impulsive,Unique,1,8,
P1,R_5JaVr26m73u2RY5,2,2025-11-29,greatsitkin,AV.GSTD.--.BHZ,24,3,2025-11-29T01:34:53.260Z,2025-11-29T03:27:53.540Z,7,2025-11-29T03:18:00.640Z,2025-11-29T03:19:26.780Z,0.11,20.45,Impulsive,Unique,1,8,
P1,R_5JaVr26m73u2RY5,2,2025-11-29,greatsitkin,AV.GSTD.--.BHZ,24,3,2025-11-29T01:34:53.260Z,2025-11-29T03:27:53.540Z,8,2025-11-29T01:35:28.720Z,2025-11-29T03:27:07.920Z,0.11,23.90,Impulsive,Repeated,1,8,lots more activity. something is coming?
P1,R_5JaVr26m73u2RY5,2,2025-11-29,greatsitkin,AV.GSTD.--.BHZ,24,4,2025-11-29T06:57:45.460Z,2025-11-29T08:38:55.420Z,1,2025-11-29T07:07:12.520Z,2025-11-29T07:08:20.580Z,0.18,20.96,Impulsive,Unique,1,4,
P1,R_5JaVr26m73u2RY5,2,2025-11-29,greatsitkin,AV.GSTD.--.BHZ,24,4,2025-11-29T06:57:45.460Z,2025-11-29T08:38:55.420Z,2,2025-11-29T07:20:08.280Z,2025-11-29T07:21:11.800Z,0.31,21.16,Impulsive,Unique,1,4,
P1,R_5JaVr26m73u2RY5,2,2025-11-29,greatsitkin,AV.GSTD.--.BHZ,24,4,2025-11-29T06:57:45.460Z,2025-11-29T08:38:55.420Z,3,2025-11-29T07:40:01.400Z,2025-11-29T07:48:15.900Z,0.10,19.85,Continuous,Repeated,1,4,
P1,R_5JaVr26m73u2RY5,2,2025-11-29,greatsitkin,AV.GSTD.--.BHZ,24,4,2025-11-29T06:57:45.460Z,2025-11-29T08:38:55.420Z,4,2025-11-29T08:33:24.240Z,2025-11-29T08:38:32.720Z,0.10,4.89,Continuous,Repeated,1,4,
P1,R_5JaVr26m73u2RY5,2,2025-11-29,greatsitkin,AV.GSTD.--.BHZ,24,5,2025-11-28T13:14:26.360Z,2025-11-28T13:25:12.100Z,1,2025-11-28T13:18:46.480Z,2025-11-28T13:19:24.600Z,0.11,9.71,Impulsive,Unique,1,1,
P1,R_5JaVr26m73u2RY5,2,2025-11-29,greatsitkin,AV.GSTD.--.BHZ,24,6,2025-11-28T15:28:58.100Z,2025-11-28T15:45:06.720Z,1,2025-11-28T15:36:52.260Z,2025-11-28T15:37:26.280Z,0.10,12.76,Impulsive,Unique,1,1,
P1,R_5JaVr26m73u2RY5,2,2025-11-29,greatsitkin,AV.GSTD.--.BHZ,24,7,2025-11-28T23:49:25.020Z,2025-11-29T00:18:28.520Z,1,2025-11-29T00:00:50.420Z,2025-11-29T00:01:37.340Z,0.10,20.20,Impulsive,Unique,1,2,more like impulse more frequency present 
P1,R_5JaVr26m73u2RY5,2,2025-11-29,greatsitkin,AV.GSTD.--.BHZ,24,7,2025-11-28T23:49:25.020Z,2025-11-29T00:18:28.520Z,2,2025-11-29T00:07:14.820Z,2025-11-29T00:08:35.620Z,0.76,15.51,Impulsive,Unique,1,2,"like sidestick on drum / ""rock""  sound"
P1,R_5JaVr26m73u2RY5,3,2025-12-01,greatsitkin,AV.GSTD.--.BHZ,24,1,2025-11-30T05:24:18.280Z,2025-11-30T18:13:48.680Z,1,2025-11-30T05:26:36.300Z,2025-11-30T18:10:56.140Z,0.10,23.25,Continuous,Unique,1,2,Activity in high frequencies that aren't present in the rest of the recording. 
P1,R_5JaVr26m73u2RY5,3,2025-12-01,greatsitkin,AV.GSTD.--.BHZ,24,1,2025-11-30T05:24:18.280Z,2025-11-30T18:13:48.680Z,2,2025-11-30T12:22:59.380Z,2025-11-30T12:30:27.980Z,0.33,24.34,Impulsive,Unique,1,2,
P1,R_5JaVr26m73u2RY5,3,2025-12-01,greatsitkin,AV.GSTD.--.BHZ,24,2,2025-11-30T22:29:57.300Z,2025-11-30T23:00:05.380Z,1,2025-11-30T22:41:10.260Z,2025-11-30T22:56:45.380Z,0.10,23.52,Continuous,Unique,1,1,"similar activity to first half of the data/recording (region 1), but lower in amplitude."
P1,R_5JaVr26m73u2RY5,3,2025-12-01,greatsitkin,AV.GSTD.--.BHZ,24,3,2025-12-01T01:11:23.400Z,2025-12-01T01:26:27.440Z,1,2025-12-01T01:18:10.140Z,2025-12-01T01:18:52.040Z,0.10,22.56,Impulsive,Unique,1,1,
P1,R_5JaVr26m73u2RY5,4,2025-12-05,greatsitkin,AV.GSTD.--.BHZ,24,1,2025-12-05T03:24:23.660Z,2025-12-05T03:35:09.400Z,1,2025-12-05T03:33:52.180Z,2025-12-05T03:34:47.680Z,0.47,13.77,Impulsive,Unique,1,1,
P1,R_5JaVr26m73u2RY5,4,2025-12-05,greatsitkin,AV.GSTD.--.BHZ,24,2,2025-12-04T05:41:04.560Z,2025-12-04T12:35:25.560Z,1,2025-12-04T05:56:15.000Z,2025-12-04T06:02:26.620Z,0.15,23.15,Impulsive,Unique,1,10,
P1,R_5JaVr26m73u2RY5,4,2025-12-05,greatsitkin,AV.GSTD.--.BHZ,24,2,2025-12-04T05:41:04.560Z,2025-12-04T12:35:25.560Z,2,2025-12-04T07:01:35.540Z,2025-12-04T07:04:22.760Z,0.10,21.36,Impulsive,Unique,1,10,
P1,R_5JaVr26m73u2RY5,4,2025-12-05,greatsitkin,AV.GSTD.--.BHZ,24,2,2025-12-04T05:41:04.560Z,2025-12-04T12:35:25.560Z,3,2025-12-04T07:36:35.160Z,2025-12-04T07:42:09.620Z,0.16,19.07,Impulsive,Unique,1,10,
P1,R_5JaVr26m73u2RY5,4,2025-12-05,greatsitkin,AV.GSTD.--.BHZ,24,2,2025-12-04T05:41:04.560Z,2025-12-04T12:35:25.560Z,4,2025-12-04T07:48:39.800Z,2025-12-04T07:54:32.840Z,0.10,23.25,Impulsive,Unique,1,10,
P1,R_5JaVr26m73u2RY5,4,2025-12-05,greatsitkin,AV.GSTD.--.BHZ,24,2,2025-12-04T05:41:04.560Z,2025-12-04T12:35:25.560Z,5,2025-12-04T08:12:30.520Z,2025-12-04T08:16:32.080Z,0.12,23.25,Impulsive,Unique,1,10,
P1,R_5JaVr26m73u2RY5,4,2025-12-05,greatsitkin,AV.GSTD.--.BHZ,24,2,2025-12-04T05:41:04.560Z,2025-12-04T12:35:25.560Z,6,2025-12-04T09:50:40.600Z,2025-12-04T09:52:50.680Z,0.10,21.67,Impulsive,Unique,1,10,
P1,R_5JaVr26m73u2RY5,4,2025-12-05,greatsitkin,AV.GSTD.--.BHZ,24,2,2025-12-04T05:41:04.560Z,2025-12-04T12:35:25.560Z,7,2025-12-04T10:35:16.240Z,2025-12-04T10:40:13.520Z,2.45,16.81,Impulsive,Unique,1,10,
P1,R_5JaVr26m73u2RY5,4,2025-12-05,greatsitkin,AV.GSTD.--.BHZ,24,2,2025-12-04T05:41:04.560Z,2025-12-04T12:35:25.560Z,8,2025-12-04T11:03:45.660Z,2025-12-04T11:11:11.600Z,0.10,23.68,Impulsive,Unique,1,10,
P1,R_5JaVr26m73u2RY5,4,2025-12-05,greatsitkin,AV.GSTD.--.BHZ,24,2,2025-12-04T05:41:04.560Z,2025-12-04T12:35:25.560Z,9,2025-12-04T09:27:45.640Z,2025-12-04T09:33:01.500Z,0.11,14.61,Impulsive,Unique,1,10,
P1,R_5JaVr26m73u2RY5,4,2025-12-05,greatsitkin,AV.GSTD.--.BHZ,24,2,2025-12-04T05:41:04.560Z,2025-12-04T12:35:25.560Z,10,2025-12-04T05:43:14.620Z,2025-12-04T12:32:01.160Z,0.11,24.50,Continuous,Repeated,1,10,
P1,R_5JaVr26m73u2RY5,4,2025-12-05,greatsitkin,AV.GSTD.--.BHZ,24,3,2025-12-04T15:43:46.000Z,2025-12-04T16:02:03.760Z,1,2025-12-04T15:49:45.340Z,2025-12-04T15:50:23.080Z,0.23,17.41,Impulsive,Unique,1,1,
P1,R_5JaVr26m73u2RY5,4,2025-12-05,greatsitkin,AV.GSTD.--.BHZ,24,4,2025-12-04T18:44:34.420Z,2025-12-04T19:01:47.620Z,1,2025-12-04T18:53:24.140Z,2025-12-04T18:54:42.900Z,0.78,21.83,Impulsive,Unique,1,1,
P1,R_5JaVr26m73u2RY5,4,2025-12-05,greatsitkin,AV.GSTD.--.BHZ,24,5,2025-12-04T19:49:08.860Z,2025-12-04T20:08:31.200Z,1,2025-12-04T19:54:25.940Z,2025-12-04T19:55:19.800Z,4.82,22.35,Impulsive,Unique,1,1,
P1,R_5JaVr26m73u2RY5,4,2025-12-05,greatsitkin,AV.GSTD.--.BHZ,24,6,2025-12-05T02:11:12.640Z,2025-12-05T02:43:29.860Z,1,2025-12-05T02:20:22.820Z,2025-12-05T02:26:26.220Z,1.37,13.00,Impulsive,Repeated,1,1,
P1,R_5JaVr26m73u2RY5,4,2025-12-05,greatsitkin,AV.GSTD.--.BHZ,24,7,2025-12-05T05:27:05.100Z,2025-12-05T05:38:55.420Z,1,2025-12-05T05:34:45.900Z,2025-12-05T05:35:24.640Z,0.76,14.48,Impulsive,Unique,1,1,
P1,R_5JaVr26m73u2RY5,5,2025-12-10,spurr,AV.SPCP.--.BHZ,24,1,2025-12-09T05:30:00.000Z,2025-12-09T07:34:50.580Z,1,2025-12-09T05:30:00.000Z,2025-12-09T07:33:04.200Z,11.71,23.68,Continuous,Unique,1,9,
P1,R_5JaVr26m73u2RY5,5,2025-12-10,spurr,AV.SPCP.--.BHZ,24,1,2025-12-09T05:30:00.000Z,2025-12-09T07:34:50.580Z,2,2025-12-09T06:27:39.760Z,2025-12-09T06:28:41.340Z,0.76,10.71,Impulsive,Unique,1,9,
P1,R_5JaVr26m73u2RY5,5,2025-12-10,spurr,AV.SPCP.--.BHZ,24,1,2025-12-09T05:30:00.000Z,2025-12-09T07:34:50.580Z,3,2025-12-09T06:31:34.900Z,2025-12-09T06:33:43.660Z,0.63,11.07,Impulsive,Unique,1,9,
P1,R_5JaVr26m73u2RY5,5,2025-12-10,spurr,AV.SPCP.--.BHZ,24,1,2025-12-09T05:30:00.000Z,2025-12-09T07:34:50.580Z,4,2025-12-09T06:49:40.980Z,2025-12-09T06:51:32.940Z,0.42,10.42,Impulsive,Unique,1,9,
P1,R_5JaVr26m73u2RY5,5,2025-12-10,spurr,AV.SPCP.--.BHZ,24,1,2025-12-09T05:30:00.000Z,2025-12-09T07:34:50.580Z,5,2025-12-09T07:11:25.380Z,2025-12-09T07:13:00.560Z,0.51,10.63,Impulsive,Unique,1,9,
P1,R_5JaVr26m73u2RY5,5,2025-12-10,spurr,AV.SPCP.--.BHZ,24,1,2025-12-09T05:30:00.000Z,2025-12-09T07:34:50.580Z,6,2025-12-09T07:01:43.160Z,2025-12-09T07:02:55.940Z,0.88,11.07,Impulsive,Unique,1,9,
P1,R_5JaVr26m73u2RY5,5,2025-12-10,spurr,AV.SPCP.--.BHZ,24,1,2025-12-09T05:30:00.000Z,2025-12-09T07:34:50.580Z,7,2025-12-09T07:07:19.060Z,2025-12-09T07:08:37.440Z,0.42,9.99,Impulsive,Unique,1,9,
P1,R_5JaVr26m73u2RY5,5,2025-12-10,spurr,AV.SPCP.--.BHZ,24,1,2025-12-09T05:30:00.000Z,2025-12-09T07:34:50.580Z,8,2025-12-09T07:20:11.640Z,2025-12-09T07:22:03.600Z,1.82,7.26,Impulsive,Unique,1,9,
P1,R_5JaVr26m73u2RY5,5,2025-12-10,spurr,AV.SPCP.--.BHZ,24,1,2025-12-09T05:30:00.000Z,2025-12-09T07:34:50.580Z,9,2025-12-09T07:24:45.940Z,2025-12-09T07:26:49.120Z,0.78,11.07,Impulsive,Unique,1,9,
P1,R_5JaVr26m73u2RY5,5,2025-12-10,spurr,AV.SPCP.--.BHZ,24,2,2025-12-09T07:49:54.600Z,2025-12-09T09:37:32.000Z,1,2025-12-09T08:12:25.920Z,2025-12-09T08:15:43.780Z,0.47,10.10,Impulsive,Unique,1,5,Earthquake
P1,R_5JaVr26m73u2RY5,5,2025-12-10,spurr,AV.SPCP.--.BHZ,24,2,2025-12-09T07:49:54.600Z,2025-12-09T09:37:32.000Z,2,2025-12-09T07:53:07.640Z,2025-12-09T08:15:14.820Z,11.15,23.09,Continuous,Unique,1,5,
P1,R_5JaVr26m73u2RY5,5,2025-12-10,spurr,AV.SPCP.--.BHZ,24,2,2025-12-09T07:49:54.600Z,2025-12-09T09:37:32.000Z,3,2025-12-09T08:31:44.200Z,2025-12-09T09:05:16.700Z,13.04,23.04,Continuous,Unique,1,5,
P1,R_5JaVr26m73u2RY5,5,2025-12-10,spurr,AV.SPCP.--.BHZ,24,2,2025-12-09T07:49:54.600Z,2025-12-09T09:37:32.000Z,4,2025-12-09T09:16:32.360Z,2025-12-09T09:22:53.620Z,0.31,22.62,Impulsive,Unique,1,5,quake
P1,R_5JaVr26m73u2RY5,5,2025-12-10,spurr,AV.SPCP.--.BHZ,24,2,2025-12-09T07:49:54.600Z,2025-12-09T09:37:32.000Z,5,2025-12-09T09:27:28.720Z,2025-12-09T09:28:26.640Z,0.23,23.20,Impulsive,Unique,1,5,
P1,R_5JaVr26m73u2RY5,5,2025-12-10,spurr,AV.SPCP.--.BHZ,24,3,2025-12-09T10:50:43.040Z,2025-12-09T11:17:37.380Z,1,2025-12-09T10:54:44.340Z,2025-12-09T10:55:42.240Z,1.02,20.75,Impulsive,Unique,1,2,
P1,R_5JaVr26m73u2RY5,5,2025-12-10,spurr,AV.SPCP.--.BHZ,24,3,2025-12-09T10:50:43.040Z,2025-12-09T11:17:37.380Z,2,2025-12-09T11:04:46.400Z,2025-12-09T11:05:56.380Z,0.69,13.44,Impulsive,Unique,1,2,
P1,R_5JaVr26m73u2RY5,5,2025-12-10,spurr,AV.SPCP.--.BHZ,24,4,2025-12-09T11:35:55.140Z,2025-12-09T13:46:08.600Z,1,2025-12-09T11:38:56.160Z,2025-12-09T12:09:29.820Z,0.47,19.16,Continuous,Unique,1,6,
P1,R_5JaVr26m73u2RY5,5,2025-12-10,spurr,AV.SPCP.--.BHZ,24,4,2025-12-09T11:35:55.140Z,2025-12-09T13:46:08.600Z,2,2025-12-09T12:12:42.520Z,2025-12-09T12:18:44.580Z,0.44,22.83,Impulsive,Unique,1,6,
P1,R_5JaVr26m73u2RY5,5,2025-12-10,spurr,AV.SPCP.--.BHZ,24,4,2025-12-09T11:35:55.140Z,2025-12-09T13:46:08.600Z,3,2025-12-09T12:20:58.900Z,2025-12-09T13:04:52.580Z,0.42,21.88,Continuous,Unique,1,6,
P1,R_5JaVr26m73u2RY5,5,2025-12-10,spurr,AV.SPCP.--.BHZ,24,4,2025-12-09T11:35:55.140Z,2025-12-09T13:46:08.600Z,4,2025-12-09T13:06:08.500Z,2025-12-09T13:12:16.380Z,0.35,22.83,Impulsive,Unique,1,6,
P1,R_5JaVr26m73u2RY5,5,2025-12-10,spurr,AV.SPCP.--.BHZ,24,4,2025-12-09T11:35:55.140Z,2025-12-09T13:46:08.600Z,5,2025-12-09T13:26:17.300Z,2025-12-09T13:28:14.100Z,1.19,23.36,Impulsive,Unique,1,6,
P1,R_5JaVr26m73u2RY5,5,2025-12-10,spurr,AV.SPCP.--.BHZ,24,4,2025-12-09T11:35:55.140Z,2025-12-09T13:46:08.600Z,6,2025-12-09T13:29:47.520Z,2025-12-09T13:44:41.000Z,0.68,22.40,Continuous,Unique,1,6,
P1,R_5JaVr26m73u2RY5,5,2025-12-10,spurr,AV.SPCP.--.BHZ,24,5,2025-12-09T14:03:21.780Z,2025-12-09T14:27:02.420Z,1,2025-12-09T14:06:44.560Z,2025-12-09T14:09:12.160Z,0.71,22.51,Impulsive,Unique,1,2,quake
P1,R_5JaVr26m73u2RY5,5,2025-12-10,spurr,AV.SPCP.--.BHZ,24,5,2025-12-09T14:03:21.780Z,2025-12-09T14:27:02.420Z,2,2025-12-09T14:14:05.200Z,2025-12-09T14:26:04.020Z,1.25,13.65,Continuous,Unique,1,2,
P1,R_5JaVr26m73u2RY5,5,2025-12-10,spurr,AV.SPCP.--.BHZ,24,6,2025-12-09T14:43:11.020Z,2025-12-09T17:22:27.980Z,1,2025-12-09T14:45:48.140Z,2025-12-09T15:16:45.260Z,0.82,22.99,Continuous,Unique,1,8,
P1,R_5JaVr26m73u2RY5,5,2025-12-10,spurr,AV.SPCP.--.BHZ,24,6,2025-12-09T14:43:11.020Z,2025-12-09T17:22:27.980Z,2,2025-12-09T15:18:25.260Z,2025-12-09T15:21:30.960Z,0.95,6.22,Impulsive,Unique,1,8,
P1,R_5JaVr26m73u2RY5,5,2025-12-10,spurr,AV.SPCP.--.BHZ,24,6,2025-12-09T14:43:11.020Z,2025-12-09T17:22:27.980Z,3,2025-12-09T15:22:49.540Z,2025-12-09T16:02:13.780Z,0.99,22.67,Continuous,Unique,1,8,
P1,R_5JaVr26m73u2RY5,5,2025-12-10,spurr,AV.SPCP.--.BHZ,24,6,2025-12-09T14:43:11.020Z,2025-12-09T17:22:27.980Z,4,2025-12-09T16:03:25.200Z,2025-12-09T16:05:48.060Z,0.67,6.06,Impulsive,Unique,1,8,
P1,R_5JaVr26m73u2RY5,5,2025-12-10,spurr,AV.SPCP.--.BHZ,24,6,2025-12-09T14:43:11.020Z,2025-12-09T17:22:27.980Z,5,2025-12-09T16:07:56.620Z,2025-12-09T16:28:18.040Z,0.86,20.20,Continuous,Unique,1,8,
P1,R_5JaVr26m73u2RY5,5,2025-12-10,spurr,AV.SPCP.--.BHZ,24,6,2025-12-09T14:43:11.020Z,2025-12-09T17:22:27.980Z,6,2025-12-09T16:29:43.740Z,2025-12-09T16:34:08.020Z,0.95,13.81,Impulsive,Unique,1,8,
P1,R_5JaVr26m73u2RY5,5,2025-12-10,spurr,AV.SPCP.--.BHZ,24,6,2025-12-09T14:43:11.020Z,2025-12-09T17:22:27.980Z,7,2025-12-09T16:36:38.020Z,2025-12-09T17:13:32.260Z,1.15,16.31,Continuous,Unique,1,8,
P1,R_5JaVr26m73u2RY5,5,2025-12-10,spurr,AV.SPCP.--.BHZ,24,6,2025-12-09T14:43:11.020Z,2025-12-09T17:22:27.980Z,8,2025-12-09T17:14:36.560Z,2025-12-09T17:16:37.980Z,1.10,23.09,Impulsive,Unique,1,8,
P1,R_5JaVr26m73u2RY5,5,2025-12-10,spurr,AV.SPCP.--.BHZ,24,7,2025-12-09T17:38:36.580Z,2025-12-09T20:32:57.560Z,1,2025-12-09T17:47:04.760Z,2025-12-09T17:49:25.500Z,0.75,18.78,Impulsive,Unique,1,12,
P1,R_5JaVr26m73u2RY5,5,2025-12-10,spurr,AV.SPCP.--.BHZ,24,7,2025-12-09T17:38:36.580Z,2025-12-09T20:32:57.560Z,2,2025-12-09T17:51:14.960Z,2025-12-09T17:52:40.960Z,0.68,11.79,Impulsive,Unique,1,12,
P1,R_5JaVr26m73u2RY5,5,2025-12-10,spurr,AV.SPCP.--.BHZ,24,7,2025-12-09T17:38:36.580Z,2025-12-09T20:32:57.560Z,3,2025-12-09T17:54:38.220Z,2025-12-09T18:24:44.280Z,0.66,20.55,Continuous,Unique,1,12,
P1,R_5JaVr26m73u2RY5,5,2025-12-10,spurr,AV.SPCP.--.BHZ,24,7,2025-12-09T17:38:36.580Z,2025-12-09T20:32:57.560Z,4,2025-12-09T18:26:57.180Z,2025-12-09T18:28:46.640Z,0.68,13.85,Impulsive,Unique,1,12,
P1,R_5JaVr26m73u2RY5,5,2025-12-10,spurr,AV.SPCP.--.BHZ,24,7,2025-12-09T17:38:36.580Z,2025-12-09T20:32:57.560Z,5,2025-12-09T18:40:22.480Z,2025-12-09T18:44:56.120Z,0.77,21.99,Impulsive,Unique,1,12,
P1,R_5JaVr26m73u2RY5,5,2025-12-10,spurr,AV.SPCP.--.BHZ,24,7,2025-12-09T17:38:36.580Z,2025-12-09T20:32:57.560Z,6,2025-12-09T18:47:32.480Z,2025-12-09T19:07:44.340Z,0.62,20.15,Continuous,Unique,1,12,
P1,R_5JaVr26m73u2RY5,5,2025-12-10,spurr,AV.SPCP.--.BHZ,24,7,2025-12-09T17:38:36.580Z,2025-12-09T20:32:57.560Z,7,2025-12-09T19:10:44.160Z,2025-12-09T19:13:28.340Z,0.62,17.64,Impulsive,Unique,1,12,
P1,R_5JaVr26m73u2RY5,5,2025-12-10,spurr,AV.SPCP.--.BHZ,24,7,2025-12-09T17:38:36.580Z,2025-12-09T20:32:57.560Z,8,2025-12-09T19:15:56.900Z,2025-12-09T19:38:21.660Z,0.49,21.78,Continuous,Unique,1,12,
P1,R_5JaVr26m73u2RY5,5,2025-12-10,spurr,AV.SPCP.--.BHZ,24,7,2025-12-09T17:38:36.580Z,2025-12-09T20:32:57.560Z,9,2025-12-09T19:39:55.480Z,2025-12-09T19:44:21.300Z,0.85,11.04,Impulsive,Unique,1,12,
P1,R_5JaVr26m73u2RY5,5,2025-12-10,spurr,AV.SPCP.--.BHZ,24,7,2025-12-09T17:38:36.580Z,2025-12-09T20:32:57.560Z,10,2025-12-09T19:48:47.120Z,2025-12-09T19:53:28.580Z,0.31,3.48,Impulsive,Unique,1,12,
P1,R_5JaVr26m73u2RY5,5,2025-12-10,spurr,AV.SPCP.--.BHZ,24,7,2025-12-09T17:38:36.580Z,2025-12-09T20:32:57.560Z,11,2025-12-09T19:54:23.320Z,2025-12-09T20:21:52.980Z,0.68,21.36,Continuous,Unique,1,12,
P1,R_5JaVr26m73u2RY5,5,2025-12-10,spurr,AV.SPCP.--.BHZ,24,7,2025-12-09T17:38:36.580Z,2025-12-09T20:32:57.560Z,12,2025-12-09T20:23:26.800Z,2025-12-09T20:28:08.280Z,0.66,10.24,Impulsive,Unique,1,12,
P1,R_5JaVr26m73u2RY5,5,2025-12-10,spurr,AV.SPCP.--.BHZ,24,8,2025-12-09T20:38:20.440Z,2025-12-09T22:50:43.040Z,1,2025-12-09T20:39:37.600Z,2025-12-09T20:41:48.200Z,0.68,12.33,Impulsive,Unique,1,8,
P1,R_5JaVr26m73u2RY5,5,2025-12-10,spurr,AV.SPCP.--.BHZ,24,8,2025-12-09T20:38:20.440Z,2025-12-09T22:50:43.040Z,2,2025-12-09T21:00:59.820Z,2025-12-09T21:02:34.800Z,0.75,13.20,Impulsive,Unique,1,8,
P1,R_5JaVr26m73u2RY5,5,2025-12-10,spurr,AV.SPCP.--.BHZ,24,8,2025-12-09T20:38:20.440Z,2025-12-09T22:50:43.040Z,3,2025-12-09T21:04:51.320Z,2025-12-09T21:06:02.560Z,1.07,22.83,Impulsive,Unique,1,8,
P1,R_5JaVr26m73u2RY5,5,2025-12-10,spurr,AV.SPCP.--.BHZ,24,8,2025-12-09T20:38:20.440Z,2025-12-09T22:50:43.040Z,4,2025-12-09T21:12:58.100Z,2025-12-09T21:14:50.880Z,0.62,3.00,Impulsive,Unique,1,8,
P1,R_5JaVr26m73u2RY5,5,2025-12-10,spurr,AV.SPCP.--.BHZ,24,8,2025-12-09T20:38:20.440Z,2025-12-09T22:50:43.040Z,5,2025-12-09T21:38:53.360Z,2025-12-09T21:42:33.000Z,0.55,13.85,Impulsive,Unique,1,8,
P1,R_5JaVr26m73u2RY5,5,2025-12-10,spurr,AV.SPCP.--.BHZ,24,8,2025-12-09T20:38:20.440Z,2025-12-09T22:50:43.040Z,6,2025-12-09T21:56:00.320Z,2025-12-09T21:59:39.960Z,1.34,16.63,Impulsive,Unique,1,8,
P1,R_5JaVr26m73u2RY5,5,2025-12-10,spurr,AV.SPCP.--.BHZ,24,8,2025-12-09T20:38:20.440Z,2025-12-09T22:50:43.040Z,7,2025-12-09T22:18:04.100Z,2025-12-09T22:22:01.540Z,0.73,21.57,Impulsive,Unique,1,8,
P1,R_5JaVr26m73u2RY5,5,2025-12-10,spurr,AV.SPCP.--.BHZ,24,8,2025-12-09T20:38:20.440Z,2025-12-09T22:50:43.040Z,8,2025-12-09T22:14:18.520Z,2025-12-09T22:43:23.760Z,15.82,22.19,Continuous,Unique,1,8,"odd frequency continuous gliss down, noticed in earlier region too."
P1,R_5JaVr26m73u2RY5,5,2025-12-10,spurr,AV.SPCP.--.BHZ,24,9,2025-12-09T23:25:09.400Z,2025-12-10T02:32:25.280Z,1,2025-12-10T00:15:32.500Z,2025-12-10T00:24:38.340Z,18.02,22.19,Continuous,Unique,1,9,gliss down
P1,R_5JaVr26m73u2RY5,5,2025-12-10,spurr,AV.SPCP.--.BHZ,24,9,2025-12-09T23:25:09.400Z,2025-12-10T02:32:25.280Z,2,2025-12-10T00:52:37.840Z,2025-12-10T00:55:42.580Z,17.83,23.04,Continuous,Unique,1,9,gliss down
P1,R_5JaVr26m73u2RY5,5,2025-12-10,spurr,AV.SPCP.--.BHZ,24,9,2025-12-09T23:25:09.400Z,2025-12-10T02:32:25.280Z,3,2025-12-10T02:13:56.800Z,2025-12-10T02:23:19.440Z,19.85,22.40,Continuous,Unique,1,9,gliss down
P1,R_5JaVr26m73u2RY5,5,2025-12-10,spurr,AV.SPCP.--.BHZ,24,9,2025-12-09T23:25:09.400Z,2025-12-10T02:32:25.280Z,4,2025-12-09T23:49:30.560Z,2025-12-09T23:51:28.120Z,0.87,4.32,Impulsive,Unique,1,9,
P1,R_5JaVr26m73u2RY5,5,2025-12-10,spurr,AV.SPCP.--.BHZ,24,9,2025-12-09T23:25:09.400Z,2025-12-10T02:32:25.280Z,5,2025-12-10T00:21:58.780Z,2025-12-10T00:25:20.320Z,1.09,8.67,Impulsive,Unique,1,9,
P1,R_5JaVr26m73u2RY5,5,2025-12-10,spurr,AV.SPCP.--.BHZ,24,9,2025-12-09T23:25:09.400Z,2025-12-10T02:32:25.280Z,6,2025-12-10T00:38:04.500Z,2025-12-10T00:46:45.140Z,0.93,7.59,Impulsive,Unique,1,9,
P1,R_5JaVr26m73u2RY5,5,2025-12-10,spurr,AV.SPCP.--.BHZ,24,9,2025-12-09T23:25:09.400Z,2025-12-10T02:32:25.280Z,7,2025-12-10T01:25:14.460Z,2025-12-10T01:32:22.740Z,1.04,22.51,Impulsive,Unique,1,9,
P1,R_5JaVr26m73u2RY5,5,2025-12-10,spurr,AV.SPCP.--.BHZ,24,9,2025-12-09T23:25:09.400Z,2025-12-10T02:32:25.280Z,8,2025-12-10T01:41:45.360Z,2025-12-10T01:50:17.620Z,0.96,6.76,Impulsive,Unique,1,9,
P1,R_5JaVr26m73u2RY5,5,2025-12-10,spurr,AV.SPCP.--.BHZ,24,9,2025-12-09T23:25:09.400Z,2025-12-10T02:32:25.280Z,9,2025-12-10T02:01:12.620Z,2025-12-10T02:14:38.780Z,0.89,22.30,Impulsive,Unique,1,9,
P1,R_5JaVr26m73u2RY5,5,2025-12-10,spurr,AV.SPCP.--.BHZ,24,10,2025-12-10T02:36:43.580Z,2025-12-10T05:20:18.820Z,1,2025-12-10T03:33:20.020Z,2025-12-10T03:36:01.420Z,0.57,22.51,Impulsive,Unique,1,5,
P1,R_5JaVr26m73u2RY5,5,2025-12-10,spurr,AV.SPCP.--.BHZ,24,10,2025-12-10T02:36:43.580Z,2025-12-10T05:20:18.820Z,2,2025-12-10T02:38:55.620Z,2025-12-10T03:11:34.260Z,0.93,17.27,Continuous,Unique,1,5,
P1,R_5JaVr26m73u2RY5,5,2025-12-10,spurr,AV.SPCP.--.BHZ,24,10,2025-12-10T02:36:43.580Z,2025-12-10T05:20:18.820Z,3,2025-12-10T03:12:54.960Z,2025-12-10T03:19:16.420Z,0.83,22.62,Impulsive,Unique,1,5,
P1,R_5JaVr26m73u2RY5,5,2025-12-10,spurr,AV.SPCP.--.BHZ,24,10,2025-12-10T02:36:43.580Z,2025-12-10T05:20:18.820Z,4,2025-12-10T03:39:56.160Z,2025-12-10T04:28:13.780Z,14.69,22.51,Impulsive,Unique,1,5,
P1,R_5JaVr26m73u2RY5,5,2025-12-10,spurr,AV.SPCP.--.BHZ,24,10,2025-12-10T02:36:43.580Z,2025-12-10T05:20:18.820Z,5,2025-12-10T04:11:36.120Z,2025-12-10T05:13:50.020Z,0.71,13.20,Continuous,Unique,1,5,
P2,R_2TyCD0zFdqv1FpW,1,2025-11-19,kilauea,HV.OBL.--.HHZ,24,1,2025-11-18T17:51:28.780Z,2025-11-18T19:03:35.240Z,1,2025-11-18T18:17:56.440Z,2025-11-18T18:46:39.910Z,14.46,23.27,Continuous,Unique,1,2,frequency gliding
P2,R_2TyCD0zFdqv1FpW,1,2025-11-19,kilauea,HV.OBL.--.HHZ,24,1,2025-11-18T17:51:28.780Z,2025-11-18T19:03:35.240Z,2,2025-11-18T18:19:07.570Z,2025-11-18T18:45:51.400Z,32.72,44.39,Impulsive,Unique,1,2,overtone (?) of frequency gliding
P2,R_2TyCD0zFdqv1FpW,1,2025-11-19,kilauea,HV.OBL.--.HHZ,24,2,2025-11-18T20:30:45.730Z,2025-11-18T21:14:53.270Z,1,2025-11-18T20:38:36.660Z,2025-11-18T21:04:35.900Z,13.40,30.77,Continuous,Unique,1,2,frequency gliding
P2,R_2TyCD0zFdqv1FpW,1,2025-11-19,kilauea,HV.OBL.--.HHZ,24,2,2025-11-18T20:30:45.730Z,2025-11-18T21:14:53.270Z,2,2025-11-18T20:39:34.050Z,2025-11-18T21:03:44.450Z,31.12,48.68,Impulsive,Unique,1,2,frequency gliding overtones?
P2,R_2TyCD0zFdqv1FpW,1,2025-11-19,kilauea,HV.OBL.--.HHZ,24,3,2025-11-19T06:30:13.440Z,2025-11-19T11:29:25.020Z,1,2025-11-19T06:39:36.940Z,2025-11-19T09:53:15.820Z,0.86,11.10,Continuous,Unique,1,1,amplitudes go periodically on/off 
P2,R_2TyCD0zFdqv1FpW,1,2025-11-19,kilauea,HV.OBL.--.HHZ,24,4,2025-11-19T00:00:37.660Z,2025-11-19T00:15:41.700Z,1,2025-11-19T00:10:07.240Z,2025-11-19T00:10:46.430Z,0.32,41.51,Impulsive,Unique,1,1,eq
P2,R_2TyCD0zFdqv1FpW,1,2025-11-19,kilauea,HV.OBL.--.HHZ,24,5,2025-11-19T03:35:52.460Z,2025-11-19T03:45:33.630Z,1,2025-11-19T03:41:36.470Z,2025-11-19T03:42:30.760Z,1.08,41.71,Impulsive,Unique,1,1,eq
P2,R_2TyCD0zFdqv1FpW,2,2025-11-27,kilauea,HV.OBL.--.HHZ,24,1,2025-11-26T09:19:38.470Z,2025-11-26T10:08:04.300Z,1,2025-11-26T09:49:25.830Z,2025-11-26T09:54:32.050Z,0.10,30.07,Impulsive,Unique,1,1,local earthquake
P2,R_2TyCD0zFdqv1FpW,2,2025-11-27,kilauea,HV.OBL.--.HHZ,24,2,2025-11-26T10:00:32.280Z,2025-11-26T13:01:20.710Z,1,2025-11-26T10:11:29.020Z,2025-11-26T10:14:43.610Z,0.52,7.30,Impulsive,Repeated,1,2,kind of a weak background drumbeat
P2,R_2TyCD0zFdqv1FpW,2,2025-11-27,kilauea,HV.OBL.--.HHZ,24,2,2025-11-26T10:00:32.280Z,2025-11-26T13:01:20.710Z,2,2025-11-26T12:43:06.130Z,2025-11-26T12:47:01.260Z,0.64,8.91,Impulsive,Unique,1,2,sharper (more impulsive)
P2,R_2TyCD0zFdqv1FpW,2,2025-11-27,kilauea,HV.OBL.--.HHZ,24,3,2025-11-26T14:03:46.000Z,2025-11-26T15:37:23.940Z,1,2025-11-26T14:24:07.830Z,2025-11-26T14:27:16.780Z,0.48,19.08,Impulsive,Unique,1,2,"eq, more impulsive than ""background drumbeat"""
P2,R_2TyCD0zFdqv1FpW,2,2025-11-27,kilauea,HV.OBL.--.HHZ,24,3,2025-11-26T14:03:46.000Z,2025-11-26T15:37:23.940Z,2,2025-11-26T15:18:00.880Z,2025-11-26T15:21:05.620Z,0.40,10.89,Impulsive,Unique,1,2,"even though it looks similar in the spectrogrogram than the ""background drumbeat"", it sounds more impulsive, and larger amplitudes"
P2,R_2TyCD0zFdqv1FpW,3,2025-11-28,greatsitkin,AV.GSTD.--.BHZ,24,1,2025-11-27T16:52:19.900Z,2025-11-27T17:48:17.740Z,1,2025-11-27T17:14:22.440Z,2025-11-27T17:21:24.060Z,0.10,18.97,Impulsive,Unique,1,5,earthquake
P2,R_2TyCD0zFdqv1FpW,3,2025-11-28,greatsitkin,AV.GSTD.--.BHZ,24,1,2025-11-27T16:52:19.900Z,2025-11-27T17:48:17.740Z,2,2025-11-27T16:55:03.020Z,2025-11-27T16:57:46.140Z,1.34,8.80,Impulsive,Repeated,1,5,local event
P2,R_2TyCD0zFdqv1FpW,3,2025-11-28,greatsitkin,AV.GSTD.--.BHZ,24,1,2025-11-27T16:52:19.900Z,2025-11-27T17:48:17.740Z,3,2025-11-27T17:01:47.060Z,2025-11-27T17:03:50.020Z,1.72,7.29,Impulsive,Repeated,1,5,local event
P2,R_2TyCD0zFdqv1FpW,3,2025-11-28,greatsitkin,AV.GSTD.--.BHZ,24,1,2025-11-27T16:52:19.900Z,2025-11-27T17:48:17.740Z,4,2025-11-27T17:05:30.420Z,2025-11-27T17:07:50.960Z,1.60,8.28,Impulsive,Repeated,1,5,local event
P2,R_2TyCD0zFdqv1FpW,3,2025-11-28,greatsitkin,AV.GSTD.--.BHZ,24,1,2025-11-27T16:52:19.900Z,2025-11-27T17:48:17.740Z,5,2025-11-27T17:21:56.680Z,2025-11-27T17:23:24.520Z,1.00,8.93,Impulsive,Repeated,1,5,local event
P2,R_2TyCD0zFdqv1FpW,3,2025-11-28,greatsitkin,AV.GSTD.--.BHZ,24,2,2025-11-28T00:21:07.260Z,2025-11-28T01:47:13.180Z,1,2025-11-28T00:54:38.800Z,2025-11-28T00:57:17.100Z,0.25,7.17,Impulsive,Unique,1,4,event with lower frequencies
P2,R_2TyCD0zFdqv1FpW,3,2025-11-28,greatsitkin,AV.GSTD.--.BHZ,24,2,2025-11-28T00:21:07.260Z,2025-11-28T01:47:13.180Z,2,2025-11-28T00:27:29.480Z,2025-11-28T00:30:42.520Z,1.93,10.03,Impulsive,Unique,1,4,local event
P2,R_2TyCD0zFdqv1FpW,3,2025-11-28,greatsitkin,AV.GSTD.--.BHZ,24,2,2025-11-28T00:21:07.260Z,2025-11-28T01:47:13.180Z,3,2025-11-28T00:48:59.040Z,2025-11-28T00:51:18.020Z,1.63,8.15,Impulsive,Unique,1,4,local event
P2,R_2TyCD0zFdqv1FpW,3,2025-11-28,greatsitkin,AV.GSTD.--.BHZ,24,2,2025-11-28T00:21:07.260Z,2025-11-28T01:47:13.180Z,4,2025-11-28T01:07:19.400Z,2025-11-28T01:09:53.840Z,1.69,7.78,Impulsive,Unique,1,4,
P2,R_2TyCD0zFdqv1FpW,3,2025-11-28,greatsitkin,AV.GSTD.--.BHZ,24,3,2025-11-28T02:44:15.600Z,2025-11-28T03:30:32.280Z,1,2025-11-28T03:02:54.140Z,2025-11-28T03:08:34.480Z,9.34,21.16,Continuous,Unique,1,1,some high frequency noise
P2,R_2TyCD0zFdqv1FpW,3,2025-11-28,greatsitkin,AV.GSTD.--.BHZ,24,4,2025-11-28T03:34:50.580Z,2025-11-28T03:48:50.040Z,1,2025-11-28T03:40:16.820Z,2025-11-28T03:41:49.040Z,0.21,6.25,Impulsive,Unique,1,1,earthquake (not local?)
P2,R_2TyCD0zFdqv1FpW,3,2025-11-28,greatsitkin,AV.GSTD.--.BHZ,24,5,2025-11-28T04:15:44.380Z,2025-11-28T04:49:06.180Z,1,2025-11-28T04:32:55.200Z,2025-11-28T04:38:25.840Z,0.13,23.25,Impulsive,Unique,1,1,strong local earthquake
P2,R_2TyCD0zFdqv1FpW,3,2025-11-28,greatsitkin,AV.GSTD.--.BHZ,24,6,2025-11-28T05:02:01.060Z,2025-11-28T06:37:48.160Z,1,2025-11-28T05:54:59.560Z,2025-11-28T06:15:58.080Z,10.10,22.62,Continuous,Repeated,1,1,
P2,R_2TyCD0zFdqv1FpW,3,2025-11-28,greatsitkin,AV.GSTD.--.BHZ,24,7,2025-11-28T12:43:43.300Z,2025-11-28T13:27:50.840Z,1,2025-11-28T12:44:56.500Z,2025-11-28T13:25:46.180Z,0.10,22.09,Continuous,Repeated,1,1,increased noise level
P2,R_2TyCD0zFdqv1FpW,4,2025-12-02,greatsitkin,AV.GSTD.--.BHZ,24,1,2025-12-01T22:05:39.000Z,2025-12-01T22:45:28.240Z,1,2025-12-01T22:20:53.260Z,2025-12-01T22:24:59.680Z,0.10,21.67,Impulsive,Unique,1,1,earthquake
P2,R_2TyCD0zFdqv1FpW,4,2025-12-02,greatsitkin,AV.GSTD.--.BHZ,24,2,2025-12-02T06:02:25.280Z,2025-12-02T11:04:50.580Z,1,2025-12-02T06:18:28.140Z,2025-12-02T09:04:08.720Z,0.25,18.02,Continuous,Repeated,1,2,overall increasing noise amplitude
P2,R_2TyCD0zFdqv1FpW,4,2025-12-02,greatsitkin,AV.GSTD.--.BHZ,24,2,2025-12-02T06:02:25.280Z,2025-12-02T11:04:50.580Z,2,2025-12-02T09:06:37.900Z,2025-12-02T09:13:51.860Z,0.10,10.31,Impulsive,Unique,1,2,short signal
P3,R_8BBUYM1zn3wSIb7,1,2025-11-21,kilauea,HV.OBL.--.HHZ,24,1,2025-11-21T00:09:51.920Z,2025-11-21T02:17:56.230Z,1,2025-11-21T01:43:05.730Z,2025-11-21T01:45:46.530Z,1.88,50.00,Impulsive,Unique,1,1,"high frequency explosion, snapping"
P3,R_8BBUYM1zn3wSIb7,1,2025-11-21,kilauea,HV.OBL.--.HHZ,24,2,2025-11-21T02:58:04.300Z,2025-11-21T03:21:44.930Z,1,2025-11-21T03:08:56.210Z,2025-11-21T03:12:30.690Z,0.34,25.15,Impulsive,Unique,1,1,metall stick hitting a radiator sound for high speeds.
P3,R_8BBUYM1zn3wSIb7,1,2025-11-21,kilauea,HV.OBL.--.HHZ,24,3,2025-11-21T07:19:35.780Z,2025-11-21T08:27:23.940Z,1,2025-11-21T07:45:32.500Z,2025-11-21T07:51:22.150Z,1.39,18.77,Continuous,Unique,1.1482612125340106,5,sizzling
P3,R_8BBUYM1zn3wSIb7,1,2025-11-21,kilauea,HV.OBL.--.HHZ,24,3,2025-11-21T07:19:35.780Z,2025-11-21T08:27:23.940Z,2,2025-11-21T07:58:49.110Z,2025-11-21T08:00:02.080Z,2.21,14.92,Impulsive,Unique,0.3777560201980792,5,snapping
P3,R_8BBUYM1zn3wSIb7,1,2025-11-21,kilauea,HV.OBL.--.HHZ,24,3,2025-11-21T07:19:35.780Z,2025-11-21T08:27:23.940Z,3,2025-11-21T08:03:31.870Z,2025-11-21T08:04:20.520Z,2.37,15.04,Impulsive,Unique,0.3777560201980792,5,snapping
P3,R_8BBUYM1zn3wSIb7,1,2025-11-21,kilauea,HV.OBL.--.HHZ,24,3,2025-11-21T07:19:35.780Z,2025-11-21T08:27:23.940Z,4,2025-11-21T07:26:44.480Z,2025-11-21T07:34:23.590Z,2.99,12.61,Continuous,Repeated,0.3777560201980792,5,tiny multiple snapps
P3,R_8BBUYM1zn3wSIb7,1,2025-11-21,kilauea,HV.OBL.--.HHZ,24,3,2025-11-21T07:19:35.780Z,2025-11-21T08:27:23.940Z,5,2025-11-21T08:16:33.270Z,2025-11-21T08:17:24.960Z,1.03,16.11,Impulsive,Unique,0.3777560201980792,5,snapping
P3,R_8BBUYM1zn3wSIb7,1,2025-11-21,kilauea,HV.OBL.--.HHZ,24,4,2025-11-20T12:55:22.860Z,2025-11-20T14:34:23.670Z,1,2025-11-20T12:56:29.460Z,2025-11-20T14:33:39.260Z,11.34,14.94,Impulsive,Unique,0.2702614533882462,2,ringing of little bells.
P3,R_8BBUYM1zn3wSIb7,1,2025-11-21,kilauea,HV.OBL.--.HHZ,24,4,2025-11-20T12:55:22.860Z,2025-11-20T14:34:23.670Z,2,2025-11-20T13:08:06.550Z,2025-11-20T13:25:25.520Z,0.16,9.99,Impulsive,Unique,0.2702614533882462,2,"ocean waves, repetitive amplitude increase and decrease. "
P3,R_8BBUYM1zn3wSIb7,1,2025-11-21,kilauea,HV.OBL.--.HHZ,24,5,2025-11-21T09:55:39.010Z,2025-11-21T10:55:55.150Z,1,2025-11-21T10:21:38.430Z,2025-11-21T10:26:51.940Z,0.53,19.80,Continuous,Unique,0.3417693665180139,2,"white noise, amplitude increase."
P3,R_8BBUYM1zn3wSIb7,1,2025-11-21,kilauea,HV.OBL.--.HHZ,24,5,2025-11-21T09:55:39.010Z,2025-11-21T10:55:55.150Z,2,2025-11-21T10:03:50.890Z,2025-11-21T10:18:23.840Z,1.65,11.48,Impulsive,Unique,0.3417693665180139,2,snapping features
P3,R_8BBUYM1zn3wSIb7,2,2025-11-27,kilauea,HV.OBL.--.HHZ,24,1,2025-11-26T14:05:17.800Z,2025-11-26T14:48:34.350Z,1,2025-11-26T14:24:13.180Z,2025-11-26T14:26:51.190Z,0.56,40.09,Impulsive,Unique,1,7,snapping or like a hitting a metal barrel. high frequency sound.
P3,R_8BBUYM1zn3wSIb7,2,2025-11-27,kilauea,HV.OBL.--.HHZ,24,1,2025-11-26T14:05:17.800Z,2025-11-26T14:48:34.350Z,2,2025-11-26T14:08:46.530Z,2025-11-26T14:10:22.120Z,0.50,39.54,Impulsive,Repeated,1,7,low frequency scratch
P3,R_8BBUYM1zn3wSIb7,2,2025-11-27,kilauea,HV.OBL.--.HHZ,24,1,2025-11-26T14:05:17.800Z,2025-11-26T14:48:34.350Z,3,2025-11-26T14:16:36.680Z,2025-11-26T14:17:54.720Z,0.59,20.95,Impulsive,Repeated,1,7,low frequency scratch
P3,R_8BBUYM1zn3wSIb7,2,2025-11-27,kilauea,HV.OBL.--.HHZ,24,1,2025-11-26T14:05:17.800Z,2025-11-26T14:48:34.350Z,4,2025-11-26T14:18:08.370Z,2025-11-26T14:23:57.570Z,0.11,48.64,Continuous,Repeated,1,7,"I don't ""see"" this feature, but I hear a continuos rumbling that's not always there. It comes back on feature 5 and 6."
P3,R_8BBUYM1zn3wSIb7,2,2025-11-27,kilauea,HV.OBL.--.HHZ,24,1,2025-11-26T14:05:17.800Z,2025-11-26T14:48:34.350Z,5,2025-11-26T14:28:44.340Z,2025-11-26T14:39:43.720Z,0.10,47.97,Continuous,Repeated,1,7,"I don't ""see"" this feature, but I hear a continuos rumbling that's not always there."
P3,R_8BBUYM1zn3wSIb7,2,2025-11-27,kilauea,HV.OBL.--.HHZ,24,1,2025-11-26T14:05:17.800Z,2025-11-26T14:48:34.350Z,6,2025-11-26T14:46:11.930Z,2025-11-26T14:48:26.540Z,0.11,47.31,Continuous,Repeated,1,7,"I don't ""see"" this feature, but I hear a continuos rumbling that's not always there."
P3,R_8BBUYM1zn3wSIb7,2,2025-11-27,kilauea,HV.OBL.--.HHZ,24,1,2025-11-26T14:05:17.800Z,2025-11-26T14:48:34.350Z,7,2025-11-26T14:14:02.570Z,2025-11-26T14:15:20.600Z,0.33,35.40,Impulsive,Repeated,1,7,low frequency scratch
P3,R_8BBUYM1zn3wSIb7,2,2025-11-27,kilauea,HV.OBL.--.HHZ,24,2,2025-11-26T15:12:22.440Z,2025-11-26T15:28:36.150Z,1,2025-11-26T15:14:20.220Z,2025-11-26T15:15:16.550Z,0.41,50.00,Impulsive,Unique,1,5,pre event to 2
P3,R_8BBUYM1zn3wSIb7,2,2025-11-27,kilauea,HV.OBL.--.HHZ,24,2,2025-11-26T15:12:22.440Z,2025-11-26T15:28:36.150Z,2,2025-11-26T15:15:20.200Z,2025-11-26T15:17:04.820Z,0.27,35.04,Impulsive,Unique,0.35993318468382474,5,longer feature than 1
P3,R_8BBUYM1zn3wSIb7,2,2025-11-27,kilauea,HV.OBL.--.HHZ,24,2,2025-11-26T15:12:22.440Z,2025-11-26T15:28:36.150Z,3,2025-11-26T15:18:26.750Z,2025-11-26T15:18:58.940Z,0.40,38.21,Impulsive,Unique,0.35993318468382474,5,little pre-event to 4
P3,R_8BBUYM1zn3wSIb7,2,2025-11-27,kilauea,HV.OBL.--.HHZ,24,2,2025-11-26T15:12:22.440Z,2025-11-26T15:28:36.150Z,4,2025-11-26T15:19:02.600Z,2025-11-26T15:19:53.810Z,0.22,37.88,Impulsive,Unique,0.35993318468382474,5,thump noise sounds short.
P3,R_8BBUYM1zn3wSIb7,2,2025-11-27,kilauea,HV.OBL.--.HHZ,24,2,2025-11-26T15:12:22.440Z,2025-11-26T15:28:36.150Z,5,2025-11-26T15:15:18.740Z,2025-11-26T15:25:41.300Z,0.12,50.00,Impulsive,Unique,0.35993318468382474,5,
P3,R_8BBUYM1zn3wSIb7,2,2025-11-27,kilauea,HV.OBL.--.HHZ,24,3,2025-11-26T15:19:56.840Z,2025-11-26T15:48:04.590Z,1,2025-11-26T15:26:12.170Z,2025-11-26T15:47:48.100Z,0.33,48.90,Continuous,Repeated,0.35993318468382474,1,
P3,R_8BBUYM1zn3wSIb7,2,2025-11-27,kilauea,HV.OBL.--.HHZ,24,4,2025-11-26T10:30:00.000Z,2025-11-26T17:10:18.030Z,1,2025-11-26T10:31:48.270Z,2025-11-26T16:54:21.630Z,28.55,47.81,Continuous,Repeated,0.35993318468382474,1,theres this high frequency noise that soudns like two glasses hitting each other vibrating. That suddently goes away afterwards.
P3,R_8BBUYM1zn3wSIb7,2,2025-11-27,kilauea,HV.OBL.--.HHZ,24,6,2025-11-26T16:25:56.570Z,2025-11-26T20:01:14.370Z,1,2025-11-26T16:42:45.920Z,2025-11-26T17:57:29.780Z,0.10,50.00,Impulsive,Unique,0.35993318468382474,2,Irregular sounds like pebbles moving underwater.
P3,R_8BBUYM1zn3wSIb7,2,2025-11-27,kilauea,HV.OBL.--.HHZ,24,6,2025-11-26T16:25:56.570Z,2025-11-26T20:01:14.370Z,2,2025-11-26T17:57:58.900Z,2025-11-26T19:40:12.670Z,15.23,47.09,Continuous,Repeated,0.35993318468382474,2,high pitch sound like  slicing machine for stones. 
P3,R_8BBUYM1zn3wSIb7,2,2025-11-27,kilauea,HV.OBL.--.HHZ,24,7,2025-11-26T20:22:52.650Z,2025-11-26T23:15:58.820Z,1,2025-11-26T20:34:58.350Z,2025-11-26T21:13:12.510Z,15.85,50.00,Continuous,Unique,0.35993318468382474,3,high pitch wistle. 
P3,R_8BBUYM1zn3wSIb7,2,2025-11-27,kilauea,HV.OBL.--.HHZ,24,7,2025-11-26T20:22:52.650Z,2025-11-26T23:15:58.820Z,2,2025-11-26T21:47:48.190Z,2025-11-26T22:06:08.450Z,16.27,48.54,Continuous,Unique,0.35993318468382474,3,high pitch wistle. 
P3,R_8BBUYM1zn3wSIb7,2,2025-11-27,kilauea,HV.OBL.--.HHZ,24,7,2025-11-26T20:22:52.650Z,2025-11-26T23:15:58.820Z,3,2025-11-26T22:20:26.810Z,2025-11-26T22:33:34.940Z,16.48,45.66,Impulsive,Unique,0.35993318468382474,3,
P3,R_8BBUYM1zn3wSIb7,2,2025-11-27,kilauea,HV.OBL.--.HHZ,24,8,2025-11-27T00:57:40.700Z,2025-11-27T02:08:00.090Z,1,2025-11-27T01:47:20.580Z,2025-11-27T01:52:05.890Z,1.52,18.23,Impulsive,Unique,0.35993318468382474,4,low frequency firework
P3,R_8BBUYM1zn3wSIb7,2,2025-11-27,kilauea,HV.OBL.--.HHZ,24,8,2025-11-27T00:57:40.700Z,2025-11-27T02:08:00.090Z,2,2025-11-27T01:12:53.680Z,2025-11-27T01:28:00.330Z,16.06,47.81,Impulsive,Unique,0.35993318468382474,4,"high frequency wistle inlcuding some kracking, like in a fireplace"
P3,R_8BBUYM1zn3wSIb7,2,2025-11-27,kilauea,HV.OBL.--.HHZ,24,8,2025-11-27T00:57:40.700Z,2025-11-27T02:08:00.090Z,3,2025-11-27T01:24:21.590Z,2025-11-27T01:30:10.300Z,6.59,34.73,Impulsive,Unique,0.35993318468382474,4,"high frequency kracking, like in a fireplace"
P3,R_8BBUYM1zn3wSIb7,2,2025-11-27,kilauea,HV.OBL.--.HHZ,24,8,2025-11-27T00:57:40.700Z,2025-11-27T02:08:00.090Z,4,2025-11-27T01:18:58.240Z,2025-11-27T01:22:56.000Z,4.50,32.01,Impulsive,Unique,0.35993318468382474,4,
P3,R_8BBUYM1zn3wSIb7,2,2025-11-27,kilauea,HV.OBL.--.HHZ,24,10,2025-11-26T23:24:38.130Z,2025-11-27T00:57:40.700Z,1,2025-11-27T00:08:44.710Z,2025-11-27T00:18:27.710Z,16.48,50.00,Impulsive,Unique,0.35993318468382474,5,high pitch whistle
P3,R_8BBUYM1zn3wSIb7,2,2025-11-27,kilauea,HV.OBL.--.HHZ,24,10,2025-11-26T23:24:38.130Z,2025-11-27T00:57:40.700Z,2,2025-11-26T23:48:19.980Z,2025-11-27T00:01:57.860Z,22.47,41.18,Impulsive,Unique,0.35993318468382474,5,like white noise from a TV
P3,R_8BBUYM1zn3wSIb7,2,2025-11-27,kilauea,HV.OBL.--.HHZ,24,10,2025-11-26T23:24:38.130Z,2025-11-27T00:57:40.700Z,3,2025-11-27T00:36:21.440Z,2025-11-27T00:37:57.910Z,0.62,37.24,Impulsive,Unique,0.35993318468382474,5,more high frequency event
P3,R_8BBUYM1zn3wSIb7,2,2025-11-27,kilauea,HV.OBL.--.HHZ,24,10,2025-11-26T23:24:38.130Z,2025-11-27T00:57:40.700Z,4,2025-11-26T23:31:16.580Z,2025-11-26T23:36:22.760Z,0.18,8.61,Impulsive,Unique,0.35993318468382474,5,rumble
P3,R_8BBUYM1zn3wSIb7,2,2025-11-27,kilauea,HV.OBL.--.HHZ,24,10,2025-11-26T23:24:38.130Z,2025-11-27T00:57:40.700Z,5,2025-11-26T23:25:57.820Z,2025-11-27T00:35:43.700Z,1.21,6.45,Impulsive,Unique,0.35993318468382474,5,wind like sounds
P3,R_8BBUYM1zn3wSIb7,3,2025-12-03,kilauea,HV.OBL.--.HHZ,24,1,2025-12-03T00:12:06.450Z,2025-12-03T00:58:23.130Z,1,2025-12-03T00:29:36.520Z,2025-12-03T00:46:29.240Z,24.85,48.71,Continuous,Repeated,1,2,high frequency ringing christmasbells
P3,R_8BBUYM1zn3wSIb7,3,2025-12-03,kilauea,HV.OBL.--.HHZ,24,1,2025-12-03T00:12:06.450Z,2025-12-03T00:58:23.130Z,2,2025-12-03T00:34:47.810Z,2025-12-03T00:52:51.080Z,1.42,50.00,Impulsive,Unique,0.1,2,"knock on a door or crackling of fire wood, depending on speed."
P3,R_8BBUYM1zn3wSIb7,3,2025-12-03,kilauea,HV.OBL.--.HHZ,24,2,2025-12-03T01:10:13.450Z,2025-12-03T01:39:16.940Z,1,2025-12-03T01:24:56.920Z,2025-12-03T01:26:30.740Z,0.86,45.80,Impulsive,Unique,0.5836022284195,1,"snap, pop"
P3,R_8BBUYM1zn3wSIb7,3,2025-12-03,kilauea,HV.OBL.--.HHZ,24,3,2025-12-02T19:57:02.420Z,2025-12-02T20:54:04.840Z,1,2025-12-02T20:12:25.800Z,2025-12-02T20:53:34.140Z,14.12,50.00,Continuous,Repeated,0.2601910500693935,1,clearly a helicopter;)
P3,R_8BBUYM1zn3wSIb7,3,2025-12-03,kilauea,HV.OBL.--.HHZ,24,4,2025-12-03T06:33:05.650Z,2025-12-03T08:07:48.160Z,1,2025-12-03T07:57:23.840Z,2025-12-03T07:59:39.750Z,0.10,14.83,Continuous,Unique,0.2601910500693935,1,low frequency woomp
P3,R_8BBUYM1zn3wSIb7,3,2025-12-03,kilauea,HV.OBL.--.HHZ,24,5,2025-12-02T17:23:08.340Z,2025-12-02T17:53:16.410Z,1,2025-12-02T17:46:25.600Z,2025-12-02T17:50:43.700Z,0.28,25.23,Continuous,Unique,0.23621819319981127,3,"longer event, low frequency, whoosh"
P3,R_8BBUYM1zn3wSIb7,3,2025-12-03,kilauea,HV.OBL.--.HHZ,24,5,2025-12-02T17:23:08.340Z,2025-12-02T17:53:16.410Z,2,2025-12-02T17:31:26.970Z,2025-12-02T17:36:01.290Z,0.28,18.57,Continuous,Unique,0.23621819319981127,3,"longer event, low frequency, whoosh"
P3,R_8BBUYM1zn3wSIb7,3,2025-12-03,kilauea,HV.OBL.--.HHZ,24,5,2025-12-02T17:23:08.340Z,2025-12-02T17:53:16.410Z,3,2025-12-02T17:26:22.930Z,2025-12-02T17:30:53.190Z,0.26,18.26,Continuous,Unique,0.23621819319981127,3,"longer event, low frequency, whoosh"
P3,R_8BBUYM1zn3wSIb7,4,2025-12-11,spurr,AV.SPCP.--.BHZ,24,1,2025-12-10T11:16:32.820Z,2025-12-10T11:54:12.900Z,1,2025-12-10T11:29:24.760Z,2025-12-10T11:33:14.480Z,0.11,19.74,Impulsive,Unique,1,2,earthquake with two distinct phases arriving with differenet frequency content.
P3,R_8BBUYM1zn3wSIb7,4,2025-12-11,spurr,AV.SPCP.--.BHZ,24,1,2025-12-10T11:16:32.820Z,2025-12-10T11:54:12.900Z,2,2025-12-10T11:16:54.760Z,2025-12-10T11:53:54.300Z,0.65,25.00,Impulsive,Repeated,0.32564441052110477,2,smaller events
P3,R_8BBUYM1zn3wSIb7,4,2025-12-11,spurr,AV.SPCP.--.BHZ,24,2,2025-12-10T14:34:34.420Z,2025-12-10T20:04:58.640Z,1,2025-12-10T14:42:28.540Z,2025-12-10T20:03:00.100Z,14.04,25.00,Continuous,Repeated,0.4336919981887641,2,key chein jiggeling high frequency area.  two disticnt frequency bands.
P3,R_8BBUYM1zn3wSIb7,4,2025-12-11,spurr,AV.SPCP.--.BHZ,24,2,2025-12-10T14:34:34.420Z,2025-12-10T20:04:58.640Z,2,2025-12-10T14:44:27.060Z,2025-12-10T14:52:21.180Z,0.11,5.75,Impulsive,Unique,0.15080328242326463,2,single event
P3,R_8BBUYM1zn3wSIb7,4,2025-12-11,spurr,AV.SPCP.--.BHZ,24,3,2025-12-10T21:38:36.580Z,2025-12-10T22:37:48.160Z,1,2025-12-10T22:18:04.300Z,2025-12-10T22:24:23.860Z,0.13,12.18,Continuous,Unique,0.386995706619624,1,double event or more continuos event. frequency shift to low frequency towards end.
P3,R_8BBUYM1zn3wSIb7,4,2025-12-11,spurr,AV.SPCP.--.BHZ,24,4,2025-12-11T06:31:20.700Z,2025-12-11T08:00:40.340Z,1,2025-12-11T07:00:55.220Z,2025-12-11T07:41:18.680Z,0.26,24.30,Impulsive,Repeated,0.386995706619624,1,highfreq ringing coupled with seismic events in lower frequency range. impossible to distinguish betweent hem by ear.
P3,R_8BBUYM1zn3wSIb7,4,2025-12-11,spurr,AV.SPCP.--.BHZ,24,5,2025-12-10T09:33:13.720Z,2025-12-10T10:29:11.560Z,1,2025-12-10T09:40:45.440Z,2025-12-10T10:18:46.660Z,9.01,25.00,Continuous,Repeated,0.386995706619624,2,nosie that increases the frequency towards the end
P3,R_8BBUYM1zn3wSIb7,4,2025-12-11,spurr,AV.SPCP.--.BHZ,24,5,2025-12-10T09:33:13.720Z,2025-12-10T10:29:11.560Z,2,2025-12-10T09:50:37.700Z,2025-12-10T09:56:08.960Z,0.19,25.00,Impulsive,Unique,0.386995706619624,2,seismic event frequency drop towards the end.
P3,R_8BBUYM1zn3wSIb7,4,2025-12-11,spurr,AV.SPCP.--.BHZ,24,6,2025-12-10T10:31:20.700Z,2025-12-10T11:17:37.380Z,1,2025-12-10T10:38:38.560Z,2025-12-10T10:44:14.760Z,7.80,25.00,Continuous,Repeated,0.386995706619624,2,again swishing nosie that increases frequency with time.
P3,R_8BBUYM1zn3wSIb7,4,2025-12-11,spurr,AV.SPCP.--.BHZ,24,6,2025-12-10T10:31:20.700Z,2025-12-10T11:17:37.380Z,2,2025-12-10T10:59:29.940Z,2025-12-10T11:05:20.660Z,0.25,20.16,Impulsive,Unique,0.386995706619624,2,
P3,R_8BBUYM1zn3wSIb7,4,2025-12-11,spurr,AV.SPCP.--.BHZ,24,7,2025-12-11T01:50:26.900Z,2025-12-11T03:23:00.260Z,1,2025-12-11T02:46:24.640Z,2025-12-11T02:52:46.480Z,3.15,25.00,Continuous,Repeated,0.386995706619624,2,again the noise with increcase of freq with time.
P3,R_8BBUYM1zn3wSIb7,4,2025-12-11,spurr,AV.SPCP.--.BHZ,24,7,2025-12-11T01:50:26.900Z,2025-12-11T03:23:00.260Z,2,2025-12-11T02:06:25.660Z,2025-12-11T02:14:52.020Z,4.92,25.00,Impulsive,Unique,0.386995706619624,2,
P3,R_8BBUYM1zn3wSIb7,4,2025-12-11,spurr,AV.SPCP.--.BHZ,24,8,2025-12-10T20:06:03.220Z,2025-12-10T21:09:33.080Z,1,2025-12-10T20:21:05.840Z,2025-12-10T20:46:26.380Z,10.25,24.65,Impulsive,Unique,0.386995706619624,2,"probably helicopterr, since such distinct frequency range and changing."
P3,R_8BBUYM1zn3wSIb7,4,2025-12-11,spurr,AV.SPCP.--.BHZ,24,8,2025-12-10T20:06:03.220Z,2025-12-10T21:09:33.080Z,2,2025-12-10T20:10:30.860Z,2025-12-10T20:20:31.680Z,9.41,25.00,Impulsive,Unique,0.386995706619624,2,
P3,R_8BBUYM1zn3wSIb7,4,2025-12-11,spurr,AV.SPCP.--.BHZ,24,9,2025-12-10T13:50:26.900Z,2025-12-10T14:33:29.860Z,1,2025-12-10T14:00:31.120Z,2025-12-10T14:02:03.780Z,0.70,25.00,Impulsive,Unique,0.386995706619624,1,high frequency snap. doesn't look like an earthquake. highest frequency most prnounced.
P3,R_8BBUYM1zn3wSIb7,4,2025-12-11,spurr,AV.SPCP.--.BHZ,24,10,2025-12-10T11:58:31.200Z,2025-12-10T13:50:26.900Z,1,2025-12-10T12:11:34.180Z,2025-12-10T12:19:10.940Z,8.15,25.00,Continuous,Repeated,0.386995706619624,2,again the noise with increcase of freq with time.
P3,R_8BBUYM1zn3wSIb7,4,2025-12-11,spurr,AV.SPCP.--.BHZ,24,10,2025-12-10T11:58:31.200Z,2025-12-10T13:50:26.900Z,2,2025-12-10T12:59:40.240Z,2025-12-10T13:12:43.220Z,12.01,24.65,Continuous,Repeated,0.386995706619624,2,weird high frequency ringing with two distinct freqiuencies.
P4,R_6GB2MdyhKnNXJl1,1,2025-11-21,greatsitkin,AV.GSTD.--.BHZ,24,1,2025-11-21T06:13:13.660Z,2025-11-21T07:16:42.380Z,1,2025-11-21T06:43:19.060Z,2025-11-21T06:45:35.600Z,0.10,22.71,Impulsive,Unique,1,1,fairly broadband
P4,R_6GB2MdyhKnNXJl1,1,2025-11-21,greatsitkin,AV.GSTD.--.BHZ,24,2,2025-11-21T11:01:46.780Z,2025-11-21T12:11:41.400Z,1,2025-11-21T11:18:34.580Z,2025-11-21T12:02:57.340Z,0.95,22.49,Continuous,Unique,1,1,"transition to slightly higher energy, more pronounced clicking noise, hard to pinpoint duration"
P4,R_6GB2MdyhKnNXJl1,1,2025-11-21,greatsitkin,AV.GSTD.--.BHZ,24,3,2025-11-20T23:18:22.420Z,2025-11-21T00:25:03.440Z,1,2025-11-20T23:34:47.620Z,2025-11-20T23:36:41.160Z,5.28,22.71,Impulsive,Unique,1,3,"short duration, mostly high frequency but not all the way to instrument limit"
P4,R_6GB2MdyhKnNXJl1,1,2025-11-21,greatsitkin,AV.GSTD.--.BHZ,24,3,2025-11-20T23:18:22.420Z,2025-11-21T00:25:03.440Z,2,2025-11-20T23:47:59.460Z,2025-11-20T23:50:07.940Z,3.77,22.49,Impulsive,Unique,1,3,"similar, but duration sounds a bit longer and louder in audio"
P4,R_6GB2MdyhKnNXJl1,1,2025-11-21,greatsitkin,AV.GSTD.--.BHZ,24,3,2025-11-20T23:18:22.420Z,2025-11-21T00:25:03.440Z,3,2025-11-21T00:06:13.080Z,2025-11-21T00:07:36.760Z,4.83,24.65,Impulsive,Unique,1,3,"similar, but extends to slightly higher frequency"
P4,R_6GB2MdyhKnNXJl1,1,2025-11-21,greatsitkin,AV.GSTD.--.BHZ,24,4,2025-11-21T09:16:22.580Z,2025-11-21T10:21:59.060Z,1,2025-11-21T09:44:32.160Z,2025-11-21T09:51:20.800Z,0.10,24.21,Impulsive,Unique,1,1,"clearly audible click, but nothing apparent in spectrogram"
P4,R_6GB2MdyhKnNXJl1,1,2025-11-21,greatsitkin,AV.GSTD.--.BHZ,24,5,2025-11-21T14:11:04.520Z,2025-11-21T16:31:58.300Z,1,2025-11-21T15:03:26.840Z,2025-11-21T15:57:50.920Z,2.25,15.02,Continuous,Unique,1,1,"audible ""windy"" sound, less apparent in spectrogram"
P4,R_6GB2MdyhKnNXJl1,1,2025-11-21,greatsitkin,AV.GSTD.--.BHZ,24,6,2025-11-21T02:10:27.640Z,2025-11-21T03:51:33.720Z,1,2025-11-21T02:34:45.100Z,2025-11-21T03:08:30.140Z,3.60,24.21,Continuous,Unique,1,1,"transition during/after which relatively rapid irregular clicks start occurring, visible as faint vertical lines"
P4,R_6GB2MdyhKnNXJl1,2,2025-12-09,kilauea,HV.OBL.--.HHZ,24,1,2025-12-08T18:43:08.980Z,2025-12-08T19:12:11.360Z,1,2025-12-08T18:56:43.190Z,2025-12-08T18:59:14.130Z,0.19,38.69,Impulsive,Unique,1,1,"single click, short onset and duration"
P4,R_6GB2MdyhKnNXJl1,2,2025-12-09,kilauea,HV.OBL.--.HHZ,24,2,2025-12-08T18:21:38.330Z,2025-12-08T18:52:49.780Z,1,2025-12-08T18:40:18.840Z,2025-12-08T18:48:50.380Z,8.71,46.69,Continuous,Unique,1,1,high pitch semi-continuous squeak-like sounds with time-varying frequencies
P4,R_6GB2MdyhKnNXJl1,2,2025-12-09,kilauea,HV.OBL.--.HHZ,24,3,2025-12-08T19:17:34.030Z,2025-12-08T19:43:22.810Z,1,2025-12-08T19:26:35.020Z,2025-12-08T19:29:40.080Z,0.22,41.88,Impulsive,Unique,1,1,"short onset and duration, click or thud sound"
P4,R_6GB2MdyhKnNXJl1,2,2025-12-09,kilauea,HV.OBL.--.HHZ,24,4,2025-12-09T07:27:51.700Z,2025-12-09T09:06:48.700Z,1,2025-12-09T07:29:14.670Z,2025-12-09T08:52:58.290Z,11.47,46.20,Continuous,Unique,1,2,"gradual increase then decrease in static-like noise, in some cases distinct events apparent, including one clear earthquake, "
P4,R_6GB2MdyhKnNXJl1,2,2025-12-09,kilauea,HV.OBL.--.HHZ,24,4,2025-12-09T07:27:51.700Z,2025-12-09T09:06:48.700Z,2,2025-12-09T08:13:21.710Z,2025-12-09T09:05:05.450Z,0.25,10.36,Continuous,Repeated,1,2,"repeating whooshing sounds, semi-regular intervals"
P4,R_6GB2MdyhKnNXJl1,2,2025-12-09,kilauea,HV.OBL.--.HHZ,24,5,2025-12-09T10:58:40.090Z,2025-12-09T13:01:16.820Z,1,2025-12-09T11:59:04.690Z,2025-12-09T12:24:15.590Z,0.52,34.51,Impulsive,Repeated,1,2,series of distinct short clicks followed after varying delays by more sustained whooshing sounds
P4,R_6GB2MdyhKnNXJl1,2,2025-12-09,kilauea,HV.OBL.--.HHZ,24,5,2025-12-09T10:58:40.090Z,2025-12-09T13:01:16.820Z,2,2025-12-09T11:34:10.260Z,2025-12-09T11:43:03.200Z,1.91,31.09,Impulsive,Repeated,1,2,series of rapid subtle clicks
P5,R_7iEa5eUCZyYib15,1,2025-11-26,kilauea,HV.OBL.--.HHZ,24,2,2025-11-26T12:30:34.090Z,2025-11-26T12:51:41.190Z,1,2025-11-26T12:44:18.690Z,2025-11-26T12:46:36.900Z,0.11,19.89,Impulsive,Repeated,1.996197349160029,1,
P6,R_3AKHxZD5uNa4XOF,1,2025-11-24,kilauea,HV.OBL.--.HHZ,24,1,2025-11-24T05:43:32.550Z,2025-11-24T06:14:45.200Z,1,2025-11-24T05:59:43.860Z,2025-11-24T06:00:42.640Z,0.40,40.30,Impulsive,Unique,1,2,"High amplitude, broadband frequency range"
P6,R_3AKHxZD5uNa4XOF,1,2025-11-24,kilauea,HV.OBL.--.HHZ,24,1,2025-11-24T05:43:32.550Z,2025-11-24T06:14:45.200Z,2,2025-11-24T05:48:11.060Z,2025-11-24T06:13:52.010Z,3.21,33.26,Impulsive,Repeated,1,2,"Low amplitude, broadband frequency range"
Expert,R_79bBz3856cnKDLj,1,2025-11-20,kilauea,HV.OBL.--.HHZ,24,1,2025-11-19T17:22:43.260Z,2025-11-19T19:17:00.400Z,1,2025-11-19T18:33:43.700Z,2025-11-19T18:40:12.430Z,19.49,63.80,Impulsive,Repeated,1.996197349160029,3,Small crackling 
Expert,R_79bBz3856cnKDLj,1,2025-11-20,kilauea,HV.OBL.--.HHZ,24,1,2025-11-19T17:22:43.260Z,2025-11-19T19:17:00.400Z,2,2025-11-19T17:25:44.660Z,2025-11-19T18:26:38.690Z,0.24,8.78,Continuous,Repeated,0.9896969887318451,3,Tremor
Expert,R_79bBz3856cnKDLj,1,2025-11-20,kilauea,HV.OBL.--.HHZ,24,1,2025-11-19T17:22:43.260Z,2025-11-19T19:17:00.400Z,3,2025-11-19T17:33:00.030Z,2025-11-19T18:04:31.840Z,20.30,33.78,Continuous,Repeated,0.9896969887318451,3,Narrow band tremor (is it real signal?)
Expert,R_79bBz3856cnKDLj,1,2025-11-20,kilauea,HV.OBL.--.HHZ,24,2,2025-11-20T05:47:12.650Z,2025-11-20T08:05:26.530Z,1,2025-11-20T07:07:08.430Z,2025-11-20T07:28:52.380Z,4.43,44.48,Continuous,Repeated,0.9896969887318451,4,"Rustling leaves, variable amplitude "
Expert,R_79bBz3856cnKDLj,1,2025-11-20,kilauea,HV.OBL.--.HHZ,24,2,2025-11-20T05:47:12.650Z,2025-11-20T08:05:26.530Z,2,2025-11-20T06:00:28.810Z,2025-11-20T06:44:34.320Z,14.36,16.33,Continuous,Repeated,0.9896969887318451,4,Narrowband tremor
Expert,R_79bBz3856cnKDLj,1,2025-11-20,kilauea,HV.OBL.--.HHZ,24,2,2025-11-20T05:47:12.650Z,2025-11-20T08:05:26.530Z,3,2025-11-20T06:12:10.930Z,2025-11-20T06:57:25.410Z,0.13,4.84,Continuous,Repeated,0.9896969887318451,4,tremor
Expert,R_79bBz3856cnKDLj,1,2025-11-20,kilauea,HV.OBL.--.HHZ,24,2,2025-11-20T05:47:12.650Z,2025-11-20T08:05:26.530Z,4,2025-11-20T07:49:58.710Z,2025-11-20T07:51:26.480Z,4.84,31.00,Impulsive,Unique,0.9896969887318451,4,click
Expert,R_79bBz3856cnKDLj,1,2025-11-20,kilauea,HV.OBL.--.HHZ,24,3,2025-11-19T20:14:41.630Z,2025-11-20T00:00:00.000Z,1,2025-11-19T22:24:37.930Z,2025-11-19T23:26:37.270Z,0.66,7.76,Continuous,Repeated,11.848650715207622,1,Rustling leaves
Expert,R_79bBz3856cnKDLj,2,2025-11-20,shishaldin,AV.SSLS.--.BHZ,24,1,2025-11-19T17:14:13.060Z,2025-11-19T19:40:04.080Z,1,2025-11-19T17:21:03.160Z,2025-11-19T18:00:04.700Z,1.25,10.71,Impulsive,Repeated,1,3,"Popcorn sounds, many events"
Expert,R_79bBz3856cnKDLj,2,2025-11-20,shishaldin,AV.SSLS.--.BHZ,24,1,2025-11-19T17:14:13.060Z,2025-11-19T19:40:04.080Z,2,2025-11-19T18:03:16.520Z,2025-11-19T18:34:28.420Z,0.10,1.22,Continuous,Repeated,1,3,Continuous tremor
Expert,R_79bBz3856cnKDLj,2,2025-11-20,shishaldin,AV.SSLS.--.BHZ,24,1,2025-11-19T17:14:13.060Z,2025-11-19T19:40:04.080Z,3,2025-11-19T19:17:41.320Z,2025-11-19T19:31:41.360Z,6.50,17.97,Impulsive,Repeated,1,3,Higher frequency popping
Expert,R_79bBz3856cnKDLj,2,2025-11-20,shishaldin,AV.SSLS.--.BHZ,24,2,2025-11-20T04:13:51.820Z,2025-11-20T06:56:22.420Z,1,2025-11-20T04:26:45.660Z,2025-11-20T06:43:50.660Z,5.15,12.88,Continuous,Unique,0.45516715379120365,2,emergent noise interval
Expert,R_79bBz3856cnKDLj,2,2025-11-20,shishaldin,AV.SSLS.--.BHZ,24,2,2025-11-20T04:13:51.820Z,2025-11-20T06:56:22.420Z,2,2025-11-20T05:02:37.720Z,2025-11-20T05:44:16.180Z,0.66,4.26,Impulsive,Repeated,0.45516715379120365,2,popcorn sounds
Expert,R_79bBz3856cnKDLj,2,2025-11-20,shishaldin,AV.SSLS.--.BHZ,24,3,2025-11-20T07:10:08.160Z,2025-11-20T15:51:29.780Z,1,2025-11-20T07:17:37.400Z,2025-11-20T15:39:40.440Z,0.37,2.49,Impulsive,Repeated,0.930070226948541,3,Popcorn/washing machine sounds
Expert,R_79bBz3856cnKDLj,2,2025-11-20,shishaldin,AV.SSLS.--.BHZ,24,3,2025-11-20T07:10:08.160Z,2025-11-20T15:51:29.780Z,2,2025-11-20T07:38:30.560Z,2025-11-20T14:40:33.760Z,3.04,11.54,Continuous,Unique,0.930070226948541,3,Emergent noise
Expert,R_79bBz3856cnKDLj,2,2025-11-20,shishaldin,AV.SSLS.--.BHZ,24,3,2025-11-20T07:10:08.160Z,2025-11-20T15:51:29.780Z,3,2025-11-20T14:47:15.720Z,2025-11-20T15:43:36.880Z,13.58,17.20,Continuous,Repeated,0.930070226948541,3,Narrowband tremor
Expert,R_79bBz3856cnKDLj,3,2025-11-20,greatsitkin,AV.GSTD.--.BHZ,24,1,2025-11-19T19:45:42.840Z,2025-11-19T23:00:32.640Z,1,2025-11-19T19:58:05.040Z,2025-11-19T21:40:34.780Z,0.85,21.99,Continuous,Unique,1,3,Emergent noise
Expert,R_79bBz3856cnKDLj,3,2025-11-20,greatsitkin,AV.GSTD.--.BHZ,24,1,2025-11-19T19:45:42.840Z,2025-11-19T23:00:32.640Z,2,2025-11-19T22:04:08.500Z,2025-11-19T22:07:31.740Z,0.67,18.73,Impulsive,Unique,1,3,Click
Expert,R_79bBz3856cnKDLj,3,2025-11-20,greatsitkin,AV.GSTD.--.BHZ,24,1,2025-11-19T19:45:42.840Z,2025-11-19T23:00:32.640Z,3,2025-11-19T20:51:41.280Z,2025-11-19T22:38:27.260Z,0.11,0.47,Continuous,Repeated,1,3,Tremor
Expert,R_79bBz3856cnKDLj,3,2025-11-20,greatsitkin,AV.GSTD.--.BHZ,24,2,2025-11-20T04:09:39.580Z,2025-11-20T10:15:22.440Z,1,2025-11-20T05:31:28.940Z,2025-11-20T08:40:00.360Z,3.41,8.51,Continuous,Unique,0.31568240373208384,6,"Intermittent, emergent noise"
Expert,R_79bBz3856cnKDLj,3,2025-11-20,greatsitkin,AV.GSTD.--.BHZ,24,2,2025-11-20T04:09:39.580Z,2025-11-20T10:15:22.440Z,2,2025-11-20T06:54:08.060Z,2025-11-20T06:59:39.760Z,0.72,2.29,Impulsive,Unique,0.31568240373208384,6,Tonal event
Expert,R_79bBz3856cnKDLj,3,2025-11-20,greatsitkin,AV.GSTD.--.BHZ,24,2,2025-11-20T04:09:39.580Z,2025-11-20T10:15:22.440Z,3,2025-11-20T06:07:58.240Z,2025-11-20T06:14:52.880Z,0.65,1.97,Impulsive,Unique,0.31568240373208384,6,Tonal event
Expert,R_79bBz3856cnKDLj,3,2025-11-20,greatsitkin,AV.GSTD.--.BHZ,24,2,2025-11-20T04:09:39.580Z,2025-11-20T10:15:22.440Z,4,2025-11-20T05:08:48.900Z,2025-11-20T05:14:20.620Z,0.74,9.92,Impulsive,Unique,0.31568240373208384,6,Click
Expert,R_79bBz3856cnKDLj,3,2025-11-20,greatsitkin,AV.GSTD.--.BHZ,24,2,2025-11-20T04:09:39.580Z,2025-11-20T10:15:22.440Z,5,2025-11-20T04:13:31.760Z,2025-11-20T04:19:20.060Z,0.50,5.73,Impulsive,Unique,0.31568240373208384,6,Click
Expert,R_79bBz3856cnKDLj,3,2025-11-20,greatsitkin,AV.GSTD.--.BHZ,24,2,2025-11-20T04:09:39.580Z,2025-11-20T10:15:22.440Z,6,2025-11-20T07:13:45.640Z,2025-11-20T08:41:39.880Z,0.10,0.62,Continuous,Repeated,0.31568240373208384,6,Tremor
Expert,R_79bBz3856cnKDLj,3,2025-11-20,greatsitkin,AV.GSTD.--.BHZ,24,3,2025-11-20T11:23:56.720Z,2025-11-20T15:57:08.560Z,1,2025-11-20T11:45:25.260Z,2025-11-20T14:33:30.640Z,0.41,4.49,Continuous,Unique,0.31568240373208384,1,Intermittent noise
Expert,R_79bBz3856cnKDLj,4,2025-11-22,kilauea,HV.OBL.--.HHZ,24,1,2025-11-21T19:04:20.260Z,2025-11-21T22:26:08.160Z,1,2025-11-21T21:55:34.810Z,2025-11-21T22:09:28.150Z,21.33,66.91,Continuous,Unique,2.973458955829745,4,Whistling event with one harmonic
Expert,R_79bBz3856cnKDLj,4,2025-11-22,kilauea,HV.OBL.--.HHZ,24,1,2025-11-21T19:04:20.260Z,2025-11-21T22:26:08.160Z,2,2025-11-21T19:48:17.520Z,2025-11-21T21:49:12.460Z,22.58,28.44,Continuous,Repeated,0.7354729707028905,4,narrow tremor
Expert,R_79bBz3856cnKDLj,4,2025-11-22,kilauea,HV.OBL.--.HHZ,24,1,2025-11-21T19:04:20.260Z,2025-11-21T22:26:08.160Z,3,2025-11-21T19:37:10.850Z,2025-11-21T19:45:01.440Z,0.66,11.48,Impulsive,Repeated,0.7354729707028905,4,impulsive start broad tail in .5-4 Hz
Expert,R_79bBz3856cnKDLj,4,2025-11-22,kilauea,HV.OBL.--.HHZ,24,1,2025-11-21T19:04:20.260Z,2025-11-21T22:26:08.160Z,4,2025-11-21T21:10:38.720Z,2025-11-21T22:14:41.880Z,0.11,0.66,Continuous,Repeated,0.7354729707028905,4,tremor
Expert,R_79bBz3856cnKDLj,4,2025-11-22,kilauea,HV.OBL.--.HHZ,24,2,2025-11-21T05:09:08.960Z,2025-11-21T09:33:56.200Z,1,2025-11-21T07:43:31.150Z,2025-11-21T07:52:44.310Z,0.57,23.02,Impulsive,Repeated,0.7354729707028905,3,Impulsive start broad ending
Expert,R_79bBz3856cnKDLj,4,2025-11-22,kilauea,HV.OBL.--.HHZ,24,2,2025-11-21T05:09:08.960Z,2025-11-21T09:33:56.200Z,2,2025-11-21T06:04:53.640Z,2025-11-21T06:52:16.620Z,26.22,39.25,Impulsive,Unique,0.8954142218734348,3,Somewhat narrow tremor
Expert,R_79bBz3856cnKDLj,4,2025-11-22,kilauea,HV.OBL.--.HHZ,24,2,2025-11-21T05:09:08.960Z,2025-11-21T09:33:56.200Z,3,2025-11-21T05:25:52.360Z,2025-11-21T05:28:13.870Z,5.32,26.38,Impulsive,Unique,0.8954142218734348,3,Click
Expert,R_79bBz3856cnKDLj,4,2025-11-22,kilauea,HV.OBL.--.HHZ,24,3,2025-11-21T23:18:37.610Z,2025-11-22T02:18:15.740Z,1,2025-11-22T01:12:04.850Z,2025-11-22T01:21:23.390Z,14.47,43.65,Continuous,Unique,0.8954142218734348,1,Whistler with one harmonic
Expert,R_79bBz3856cnKDLj,5,2025-11-22,spurr,AV.SPCP.--.BHZ,24,1,2025-11-21T03:53:59.840Z,2025-11-21T09:21:46.420Z,1,2025-11-21T04:03:49.040Z,2025-11-21T08:44:05.160Z,10.51,16.15,Continuous,Repeated,0.6362066450299418,3,Banded tremor
Expert,R_79bBz3856cnKDLj,5,2025-11-22,spurr,AV.SPCP.--.BHZ,24,1,2025-11-21T03:53:59.840Z,2025-11-21T09:21:46.420Z,2,2025-11-21T04:27:26.300Z,2025-11-21T04:32:12.940Z,0.10,18.84,Impulsive,Unique,0.6362066450299418,3,Click
Expert,R_79bBz3856cnKDLj,5,2025-11-22,spurr,AV.SPCP.--.BHZ,24,1,2025-11-21T03:53:59.840Z,2025-11-21T09:21:46.420Z,3,2025-11-21T07:38:15.920Z,2025-11-21T08:13:33.860Z,1.11,8.88,Impulsive,Unique,0.6362066450299418,3,Smaller clicks
Expert,R_79bBz3856cnKDLj,5,2025-11-22,spurr,AV.SPCP.--.BHZ,24,2,2025-11-21T11:26:35.120Z,2025-11-22T01:03:06.620Z,1,2025-11-21T11:43:46.520Z,2025-11-21T14:11:12.740Z,0.10,0.44,Continuous,Repeated,3.9848038567935276,4,Tremor
Expert,R_79bBz3856cnKDLj,5,2025-11-22,spurr,AV.SPCP.--.BHZ,24,2,2025-11-21T11:26:35.120Z,2025-11-22T01:03:06.620Z,2,2025-11-21T22:36:59.720Z,2025-11-22T00:03:36.380Z,0.10,1.46,Impulsive,Unique,2.348765105575508,4,Long period event (below 0.1 Hz)
Expert,R_79bBz3856cnKDLj,5,2025-11-22,spurr,AV.SPCP.--.BHZ,24,2,2025-11-21T11:26:35.120Z,2025-11-22T01:03:06.620Z,3,2025-11-21T14:47:34.560Z,2025-11-21T16:16:49.900Z,0.10,0.58,Impulsive,Unique,2.348765105575508,4,Long period event (below 0.1 Hz)
Expert,R_79bBz3856cnKDLj,5,2025-11-22,spurr,AV.SPCP.--.BHZ,24,2,2025-11-21T11:26:35.120Z,2025-11-22T01:03:06.620Z,4,2025-11-21T16:49:13.700Z,2025-11-21T19:39:48.360Z,1.60,11.74,Impulsive,Repeated,2.348765105575508,4,Crackling
Expert,R_79bBz3856cnKDLj,6,2025-11-24,kilauea,HV.OBL.--.HHZ,24,1,2025-11-23T18:09:58.530Z,2025-11-23T22:18:06.560Z,1,2025-11-23T18:30:50.330Z,2025-11-23T19:13:34.720Z,15.91,48.34,Continuous,Unique,1,3,Whistler one harmonic
Expert,R_79bBz3856cnKDLj,6,2025-11-24,kilauea,HV.OBL.--.HHZ,24,1,2025-11-23T18:09:58.530Z,2025-11-23T22:18:06.560Z,2,2025-11-23T21:08:13.600Z,2025-11-23T21:38:36.620Z,10.87,29.53,Impulsive,Unique,0.5427910570337987,3,Whistler one harmonic
Expert,R_79bBz3856cnKDLj,6,2025-11-24,kilauea,HV.OBL.--.HHZ,24,1,2025-11-23T18:09:58.530Z,2025-11-23T22:18:06.560Z,3,2025-11-23T19:19:51.480Z,2025-11-23T21:02:45.460Z,1.11,7.46,Continuous,Repeated,1.9323075563566292,3,Repeated events slowing decaying energy with impulsive start
Expert,R_79bBz3856cnKDLj,6,2025-11-24,kilauea,HV.OBL.--.HHZ,24,2,2025-11-24T11:37:46.960Z,2025-11-24T15:58:51.150Z,1,2025-11-24T13:11:33.280Z,2025-11-24T13:13:02.780Z,1.17,29.77,Impulsive,Unique,1.9323075563566292,5,Click
Expert,R_79bBz3856cnKDLj,6,2025-11-24,kilauea,HV.OBL.--.HHZ,24,2,2025-11-24T11:37:46.960Z,2025-11-24T15:58:51.150Z,2,2025-11-24T13:25:50.010Z,2025-11-24T14:45:19.600Z,1.00,6.45,Continuous,Repeated,1.9323075563566292,5,"Repeated events, relatively narrowband"
Expert,R_79bBz3856cnKDLj,6,2025-11-24,kilauea,HV.OBL.--.HHZ,24,2,2025-11-24T11:37:46.960Z,2025-11-24T15:58:51.150Z,3,2025-11-24T12:37:52.920Z,2025-11-24T13:56:44.140Z,17.57,22.56,Continuous,Repeated,0.5225657352438492,5,Banded tremor
Expert,R_79bBz3856cnKDLj,6,2025-11-24,kilauea,HV.OBL.--.HHZ,24,2,2025-11-24T11:37:46.960Z,2025-11-24T15:58:51.150Z,4,2025-11-24T11:56:45.010Z,2025-11-24T13:07:04.750Z,0.10,1.10,Continuous,Repeated,0.5225657352438492,5,tremor
Expert,R_79bBz3856cnKDLj,6,2025-11-24,kilauea,HV.OBL.--.HHZ,24,2,2025-11-24T11:37:46.960Z,2025-11-24T15:58:51.150Z,5,2025-11-24T14:53:38.290Z,2025-11-24T15:38:10.800Z,5.15,26.96,Impulsive,Repeated,0.5225657352438492,5,Intermittent impulsive events
Expert,R_79bBz3856cnKDLj,7,2025-11-26,kilauea,HV.OBL.--.HHZ,24,1,2025-11-25T16:57:37.160Z,2025-11-26T05:09:26.980Z,1,2025-11-25T18:10:17.950Z,2025-11-25T18:45:31.250Z,14.90,47.99,Continuous,Unique,1,7,Whistler with one overtone
Expert,R_79bBz3856cnKDLj,7,2025-11-26,kilauea,HV.OBL.--.HHZ,24,1,2025-11-25T16:57:37.160Z,2025-11-26T05:09:26.980Z,2,2025-11-25T20:28:23.450Z,2025-11-25T23:08:17.190Z,16.26,47.65,Continuous,Unique,0.40336401518119,7,Whistler with one overtone
Expert,R_79bBz3856cnKDLj,7,2025-11-26,kilauea,HV.OBL.--.HHZ,24,1,2025-11-25T16:57:37.160Z,2025-11-26T05:09:26.980Z,3,2025-11-25T19:07:19.490Z,2025-11-25T20:07:08.760Z,17.06,22.56,Continuous,Unique,0.7456992703456621,7,Whistler no overtone
Expert,R_79bBz3856cnKDLj,7,2025-11-26,kilauea,HV.OBL.--.HHZ,24,1,2025-11-25T16:57:37.160Z,2025-11-26T05:09:26.980Z,4,2025-11-25T23:30:38.980Z,2025-11-25T23:53:34.300Z,16.76,24.32,Continuous,Unique,0.7456992703456621,7,Whistler no overtone
Expert,R_79bBz3856cnKDLj,7,2025-11-26,kilauea,HV.OBL.--.HHZ,24,1,2025-11-25T16:57:37.160Z,2025-11-26T05:09:26.980Z,5,2025-11-26T00:20:57.990Z,2025-11-26T05:08:53.430Z,1.00,46.81,Continuous,Unique,0.7456992703456621,7,Lava fountaining event
Expert,R_79bBz3856cnKDLj,7,2025-11-26,kilauea,HV.OBL.--.HHZ,24,1,2025-11-25T16:57:37.160Z,2025-11-26T05:09:26.980Z,6,2025-11-25T17:01:31.970Z,2025-11-25T22:28:35.530Z,1.69,6.82,Continuous,Repeated,0.7456992703456621,7,Broadband tremor
Expert,R_79bBz3856cnKDLj,7,2025-11-26,kilauea,HV.OBL.--.HHZ,24,1,2025-11-25T16:57:37.160Z,2025-11-26T05:09:26.980Z,7,2025-11-25T18:16:26.940Z,2025-11-25T23:11:38.460Z,0.13,0.78,Continuous,Repeated,0.7456992703456621,7,tremor
Expert,R_79bBz3856cnKDLj,7,2025-11-26,kilauea,HV.OBL.--.HHZ,24,2,2025-11-25T06:24:50.020Z,2025-11-25T09:27:30.970Z,1,2025-11-25T06:33:29.170Z,2025-11-25T07:26:31.120Z,26.96,36.13,Continuous,Repeated,0.7129736232841553,3,Shuffling banded tremor
Expert,R_79bBz3856cnKDLj,7,2025-11-26,kilauea,HV.OBL.--.HHZ,24,2,2025-11-25T06:24:50.020Z,2025-11-25T09:27:30.970Z,2,2025-11-25T07:49:16.000Z,2025-11-25T07:50:39.740Z,4.66,47.15,Impulsive,Unique,0.7129736232841553,3,Click
Expert,R_79bBz3856cnKDLj,7,2025-11-26,kilauea,HV.OBL.--.HHZ,24,2,2025-11-25T06:24:50.020Z,2025-11-25T09:27:30.970Z,3,2025-11-25T08:49:41.740Z,2025-11-25T08:51:47.340Z,6.31,39.82,Impulsive,Unique,0.7129736232841553,3,Click
Expert,R_79bBz3856cnKDLj,8,2025-11-26,kilauea,HV.OBL.--.HHZ,24,1,2025-11-25T16:57:37.160Z,2025-11-26T05:09:26.980Z,1,2025-11-25T18:10:17.950Z,2025-11-25T18:45:31.250Z,14.90,47.99,Continuous,Unique,1,9,Whistler with one overtone
Expert,R_79bBz3856cnKDLj,8,2025-11-26,kilauea,HV.OBL.--.HHZ,24,1,2025-11-25T16:57:37.160Z,2025-11-26T05:09:26.980Z,2,2025-11-25T20:28:23.450Z,2025-11-25T23:08:17.190Z,16.26,47.65,Continuous,Unique,0.40336401518119,9,Whistler with one overtone
Expert,R_79bBz3856cnKDLj,8,2025-11-26,kilauea,HV.OBL.--.HHZ,24,1,2025-11-25T16:57:37.160Z,2025-11-26T05:09:26.980Z,3,2025-11-25T19:07:19.490Z,2025-11-25T20:07:08.760Z,17.06,22.56,Continuous,Unique,0.7456992703456621,9,Whistler no overtone
Expert,R_79bBz3856cnKDLj,8,2025-11-26,kilauea,HV.OBL.--.HHZ,24,1,2025-11-25T16:57:37.160Z,2025-11-26T05:09:26.980Z,4,2025-11-25T23:30:38.980Z,2025-11-25T23:53:34.300Z,16.76,24.32,Continuous,Unique,0.7456992703456621,9,Whistler no overtone
Expert,R_79bBz3856cnKDLj,8,2025-11-26,kilauea,HV.OBL.--.HHZ,24,1,2025-11-25T16:57:37.160Z,2025-11-26T05:09:26.980Z,5,2025-11-26T00:20:57.990Z,2025-11-26T05:08:53.430Z,1.00,46.81,Continuous,Unique,0.7456992703456621,9,Lava fountaining event
Expert,R_79bBz3856cnKDLj,8,2025-11-26,kilauea,HV.OBL.--.HHZ,24,1,2025-11-25T16:57:37.160Z,2025-11-26T05:09:26.980Z,6,2025-11-25T17:01:31.970Z,2025-11-25T22:28:35.530Z,1.69,6.82,Continuous,Repeated,0.7456992703456621,9,Broadband tremor
Expert,R_79bBz3856cnKDLj,8,2025-11-26,kilauea,HV.OBL.--.HHZ,24,1,2025-11-25T16:57:37.160Z,2025-11-26T05:09:26.980Z,7,2025-11-25T18:16:26.940Z,2025-11-25T23:11:38.460Z,0.13,0.78,Continuous,Repeated,0.7456992703456621,9,tremor
Expert,R_79bBz3856cnKDLj,8,2025-11-26,kilauea,HV.OBL.--.HHZ,24,1,2025-11-25T16:57:37.160Z,2025-11-26T05:09:26.980Z,8,2025-11-25T23:18:21.000Z,2025-11-25T23:37:55.060Z,1.50,15.83,Continuous,Unique,1,9,"Precursor to fountain, preplay?"
Expert,R_79bBz3856cnKDLj,8,2025-11-26,kilauea,HV.OBL.--.HHZ,24,1,2025-11-25T16:57:37.160Z,2025-11-26T05:09:26.980Z,9,2025-11-25T23:54:41.390Z,2025-11-26T00:17:36.720Z,1.50,16.17,Impulsive,Unique,1,9,"Precursor to fountain, preplay?"
Expert,R_79bBz3856cnKDLj,8,2025-11-26,kilauea,HV.OBL.--.HHZ,24,2,2025-11-25T06:24:50.020Z,2025-11-25T09:27:30.970Z,1,2025-11-25T06:33:29.170Z,2025-11-25T07:26:31.120Z,26.96,36.13,Continuous,Repeated,0.7129736232841553,3,Shuffling banded tremor
Expert,R_79bBz3856cnKDLj,8,2025-11-26,kilauea,HV.OBL.--.HHZ,24,2,2025-11-25T06:24:50.020Z,2025-11-25T09:27:30.970Z,2,2025-11-25T07:49:16.000Z,2025-11-25T07:50:39.740Z,4.66,47.15,Impulsive,Unique,0.7129736232841553,3,Click
Expert,R_79bBz3856cnKDLj,8,2025-11-26,kilauea,HV.OBL.--.HHZ,24,2,2025-11-25T06:24:50.020Z,2025-11-25T09:27:30.970Z,3,2025-11-25T08:49:41.740Z,2025-11-25T08:51:47.340Z,6.31,39.82,Impulsive,Unique,0.7129736232841553,3,Click
Expert,R_79bBz3856cnKDLj,9,2025-11-26,kilauea,HV.OBL.--.HHZ,24,1,2025-11-25T16:57:37.160Z,2025-11-26T05:09:26.980Z,1,2025-11-25T18:10:17.950Z,2025-11-25T18:45:31.250Z,14.90,47.99,Continuous,Unique,1,9,Whistler with one overtone
Expert,R_79bBz3856cnKDLj,9,2025-11-26,kilauea,HV.OBL.--.HHZ,24,1,2025-11-25T16:57:37.160Z,2025-11-26T05:09:26.980Z,2,2025-11-25T20:28:23.450Z,2025-11-25T23:08:17.190Z,16.26,47.65,Continuous,Unique,0.40336401518119,9,Whistler with one overtone
Expert,R_79bBz3856cnKDLj,9,2025-11-26,kilauea,HV.OBL.--.HHZ,24,1,2025-11-25T16:57:37.160Z,2025-11-26T05:09:26.980Z,3,2025-11-25T19:07:19.490Z,2025-11-25T20:07:08.760Z,17.06,22.56,Continuous,Unique,0.7456992703456621,9,Whistler no overtone
Expert,R_79bBz3856cnKDLj,9,2025-11-26,kilauea,HV.OBL.--.HHZ,24,1,2025-11-25T16:57:37.160Z,2025-11-26T05:09:26.980Z,4,2025-11-25T23:30:38.980Z,2025-11-25T23:53:34.300Z,16.76,24.32,Continuous,Unique,0.7456992703456621,9,Whistler no overtone
Expert,R_79bBz3856cnKDLj,9,2025-11-26,kilauea,HV.OBL.--.HHZ,24,1,2025-11-25T16:57:37.160Z,2025-11-26T05:09:26.980Z,5,2025-11-26T00:20:57.990Z,2025-11-26T05:08:53.430Z,1.00,46.81,Continuous,Unique,0.7456992703456621,9,Lava fountaining event
Expert,R_79bBz3856cnKDLj,9,2025-11-26,kilauea,HV.OBL.--.HHZ,24,1,2025-11-25T16:57:37.160Z,2025-11-26T05:09:26.980Z,6,2025-11-25T17:01:31.970Z,2025-11-25T22:28:35.530Z,1.69,6.82,Continuous,Repeated,0.7456992703456621,9,Broadband tremor
Expert,R_79bBz3856cnKDLj,9,2025-11-26,kilauea,HV.OBL.--.HHZ,24,1,2025-11-25T16:57:37.160Z,2025-11-26T05:09:26.980Z,7,2025-11-25T18:16:26.940Z,2025-11-25T23:11:38.460Z,0.13,0.78,Continuous,Repeated,0.7456992703456621,9,tremor
Expert,R_79bBz3856cnKDLj,9,2025-11-26,kilauea,HV.OBL.--.HHZ,24,1,2025-11-25T16:57:37.160Z,2025-11-26T05:09:26.980Z,8,2025-11-25T23:18:21.000Z,2025-11-25T23:37:55.060Z,1.50,15.83,Continuous,Unique,1,9,"Precursor to fountain, preplay?"
Expert,R_79bBz3856cnKDLj,9,2025-11-26,kilauea,HV.OBL.--.HHZ,24,1,2025-11-25T16:57:37.160Z,2025-11-26T05:09:26.980Z,9,2025-11-25T23:54:41.390Z,2025-11-26T00:17:36.720Z,1.50,16.17,Impulsive,Unique,1,9,"Precursor to fountain, preplay?"
Expert,R_79bBz3856cnKDLj,9,2025-11-26,kilauea,HV.OBL.--.HHZ,24,2,2025-11-26T00:11:10.210Z,2025-11-26T15:15:11.150Z,1,2025-11-26T03:53:17.010Z,2025-11-26T13:05:01.810Z,0.54,16.26,Continuous,Unique,2.589531827229315,3,Complete fountaining event
Expert,R_79bBz3856cnKDLj,9,2025-11-26,kilauea,HV.OBL.--.HHZ,24,2,2025-11-26T00:11:10.210Z,2025-11-26T15:15:11.150Z,2,2025-11-26T13:09:58.900Z,2025-11-26T13:18:28.210Z,0.15,14.43,Impulsive,Unique,2.589531827229315,3,Larger earthquake
Expert,R_79bBz3856cnKDLj,9,2025-11-26,kilauea,HV.OBL.--.HHZ,24,2,2025-11-26T00:11:10.210Z,2025-11-26T15:15:11.150Z,3,2025-11-26T13:36:51.700Z,2025-11-26T14:59:37.420Z,0.76,4.57,Impulsive,Repeated,2.589531827229315,3,"Shuffling, somewhat narrowband"
Expert,R_79bBz3856cnKDLj,10,2025-12-01,kilauea,HV.OBL.--.HHZ,24,1,2025-11-30T18:00:44.540Z,2025-11-30T21:36:57.080Z,1,2025-11-30T18:17:24.910Z,2025-11-30T18:39:06.460Z,11.98,42.37,Continuous,Unique,0.9795001295048815,6,Whistler with one harmonic
Expert,R_79bBz3856cnKDLj,10,2025-12-01,kilauea,HV.OBL.--.HHZ,24,1,2025-11-30T18:00:44.540Z,2025-11-30T21:36:57.080Z,2,2025-11-30T19:03:18.610Z,2025-11-30T19:40:25.240Z,15.88,45.53,Continuous,Unique,0.9795001295048815,6,Whistler with one harmonic
Expert,R_79bBz3856cnKDLj,10,2025-12-01,kilauea,HV.OBL.--.HHZ,24,1,2025-11-30T18:00:44.540Z,2025-11-30T21:36:57.080Z,3,2025-11-30T20:10:53.880Z,2025-11-30T21:07:43.740Z,11.01,45.10,Continuous,Unique,0.9795001295048815,6,Whistler with two harmonics (longer)
Expert,R_79bBz3856cnKDLj,10,2025-12-01,kilauea,HV.OBL.--.HHZ,24,1,2025-11-30T18:00:44.540Z,2025-11-30T21:36:57.080Z,4,2025-11-30T19:56:22.590Z,2025-11-30T20:08:12.530Z,0.66,13.10,Impulsive,Repeated,3.04689413505769,6,Chugging
Expert,R_79bBz3856cnKDLj,10,2025-12-01,kilauea,HV.OBL.--.HHZ,24,1,2025-11-30T18:00:44.540Z,2025-11-30T21:36:57.080Z,5,2025-11-30T18:08:05.560Z,2025-11-30T19:21:46.550Z,1.76,5.76,Continuous,Repeated,0.3950951051075846,6,Tremor
Expert,R_79bBz3856cnKDLj,10,2025-12-01,kilauea,HV.OBL.--.HHZ,24,1,2025-11-30T18:00:44.540Z,2025-11-30T21:36:57.080Z,6,2025-11-30T19:59:36.210Z,2025-11-30T21:30:29.840Z,27.69,32.06,Continuous,Repeated,0.3950951051075846,6,Jingling
Expert,R_79bBz3856cnKDLj,10,2025-12-01,kilauea,HV.OBL.--.HHZ,24,2,2025-11-30T23:59:05.990Z,2025-12-01T02:31:59.950Z,1,2025-12-01T00:41:41.910Z,2025-12-01T00:47:31.830Z,10.35,48.69,Continuous,Unique,0.3950951051075846,5,Whistler with two harmonics
Expert,R_79bBz3856cnKDLj,10,2025-12-01,kilauea,HV.OBL.--.HHZ,24,2,2025-11-30T23:59:05.990Z,2025-12-01T02:31:59.950Z,2,2025-12-01T01:05:32.020Z,2025-12-01T01:15:10.140Z,14.22,46.55,Continuous,Unique,0.5048338016010637,5,Whistlier with one harmonic
Expert,R_79bBz3856cnKDLj,10,2025-12-01,kilauea,HV.OBL.--.HHZ,24,2,2025-11-30T23:59:05.990Z,2025-12-01T02:31:59.950Z,3,2025-12-01T00:08:28.900Z,2025-12-01T00:31:33.360Z,27.59,33.70,Continuous,Repeated,0.5048338016010637,5,Jingling
Expert,R_79bBz3856cnKDLj,10,2025-12-01,kilauea,HV.OBL.--.HHZ,24,2,2025-11-30T23:59:05.990Z,2025-12-01T02:31:59.950Z,4,2025-12-01T01:54:35.900Z,2025-12-01T02:05:45.310Z,0.65,16.83,Continuous,Repeated,0.5048338016010637,5,Chugging
Expert,R_79bBz3856cnKDLj,10,2025-12-01,kilauea,HV.OBL.--.HHZ,24,2,2025-11-30T23:59:05.990Z,2025-12-01T02:31:59.950Z,5,2025-12-01T00:10:07.790Z,2025-12-01T00:15:12.070Z,2.10,23.78,Impulsive,Unique,0.5048338016010637,5,A few clicks
Expert,R_79bBz3856cnKDLj,10,2025-12-01,kilauea,HV.OBL.--.HHZ,24,3,2025-11-30T08:50:03.980Z,2025-11-30T12:01:11.420Z,1,2025-11-30T09:44:15.940Z,2025-11-30T11:00:20.090Z,5.86,23.27,Impulsive,Repeated,1.1297363007160768,3,Many crackling impulsive events
Expert,R_79bBz3856cnKDLj,10,2025-12-01,kilauea,HV.OBL.--.HHZ,24,3,2025-11-30T08:50:03.980Z,2025-11-30T12:01:11.420Z,2,2025-11-30T08:54:20.710Z,2025-11-30T09:30:38.190Z,28.00,45.25,Continuous,Repeated,0.8861887590558064,3,Jingly tremor
Expert,R_79bBz3856cnKDLj,10,2025-12-01,kilauea,HV.OBL.--.HHZ,24,3,2025-11-30T08:50:03.980Z,2025-11-30T12:01:11.420Z,3,2025-11-30T10:54:28.270Z,2025-11-30T11:31:23.790Z,1.11,4.71,Impulsive,Repeated,0.8861887590558064,3,Chugging
Expert,R_79bBz3856cnKDLj,11,2025-12-01,greatsitkin,AV.GSTD.--.BHZ,24,1,2025-11-30T06:34:20.040Z,2025-11-30T18:13:07.880Z,1,2025-11-30T06:38:23.400Z,2025-11-30T11:14:12.020Z,0.41,11.51,Continuous,Unique,1.9639926735507431,4,"Broadband noise, tapers off over this window "
Expert,R_79bBz3856cnKDLj,11,2025-12-01,greatsitkin,AV.GSTD.--.BHZ,24,1,2025-11-30T06:34:20.040Z,2025-11-30T18:13:07.880Z,2,2025-11-30T11:51:51.820Z,2025-11-30T13:50:38.860Z,0.10,12.50,Impulsive,Unique,1.9639926735507431,4,Many clicking events
Expert,R_79bBz3856cnKDLj,11,2025-12-01,greatsitkin,AV.GSTD.--.BHZ,24,1,2025-11-30T06:34:20.040Z,2025-11-30T18:13:07.880Z,3,2025-11-30T14:08:01.840Z,2025-11-30T17:55:10.120Z,0.14,0.45,Continuous,Repeated,1.9639926735507431,4,tremor
Expert,R_79bBz3856cnKDLj,11,2025-12-01,greatsitkin,AV.GSTD.--.BHZ,24,1,2025-11-30T06:34:20.040Z,2025-11-30T18:13:07.880Z,4,2025-11-30T15:46:32.060Z,2025-11-30T17:36:02.840Z,0.73,10.34,Impulsive,Unique,1.9639926735507431,4,Many clicking events
Expert,R_79bBz3856cnKDLj,11,2025-12-01,greatsitkin,AV.GSTD.--.BHZ,24,2,2025-11-30T22:18:00.540Z,2025-12-01T01:58:59.760Z,1,2025-11-30T22:36:08.980Z,2025-11-30T23:11:08.900Z,0.10,5.24,Continuous,Unique,4.252667162487946,2,Transient increase in broadband noise
Expert,R_79bBz3856cnKDLj,11,2025-12-01,greatsitkin,AV.GSTD.--.BHZ,24,2,2025-11-30T22:18:00.540Z,2025-12-01T01:58:59.760Z,2,2025-12-01T01:17:13.040Z,2025-12-01T01:19:24.960Z,0.72,5.72,Impulsive,Unique,4.252667162487946,2,Click
Expert,R_79bBz3856cnKDLj,12,2025-12-01,shishaldin,AV.SSLS.--.BHZ,24,1,2025-11-30T15:19:55.520Z,2025-11-30T22:39:30.620Z,1,2025-11-30T15:37:25.260Z,2025-11-30T21:17:29.880Z,0.46,2.06,Continuous,Repeated,0.6472833752213565,2,"Banded tremor, tonal sounding at speed factors less than 1"
Expert,R_79bBz3856cnKDLj,12,2025-12-01,shishaldin,AV.SSLS.--.BHZ,24,1,2025-11-30T15:19:55.520Z,2025-11-30T22:39:30.620Z,2,2025-11-30T16:36:06.320Z,2025-11-30T18:44:02.660Z,2.31,15.82,Impulsive,Repeated,0.6472833752213565,2,"Chugging, many impulsive events"
Expert,R_79bBz3856cnKDLj,12,2025-12-01,shishaldin,AV.SSLS.--.BHZ,24,2,2025-12-01T00:05:30.980Z,2025-12-01T04:55:47.140Z,1,2025-12-01T00:32:57.280Z,2025-12-01T02:28:29.080Z,1.33,6.40,Impulsive,Repeated,3.1476366045172477,1,Many chugging events throughout
Expert,R_79bBz3856cnKDLj,13,2025-12-04,kilauea,HV.OBL.--.HHZ,24,1,2025-12-03T18:10:19.610Z,2025-12-03T22:25:43.520Z,1,2025-12-03T18:18:15.350Z,2025-12-03T18:37:52.180Z,14.53,47.28,Continuous,Unique,0.9761245764139019,8,Whistler one harmonic
Expert,R_79bBz3856cnKDLj,13,2025-12-04,kilauea,HV.OBL.--.HHZ,24,1,2025-12-03T18:10:19.610Z,2025-12-03T22:25:43.520Z,2,2025-12-03T19:32:57.340Z,2025-12-03T19:45:03.470Z,16.51,45.17,Continuous,Unique,0.6562834527394631,8,Whistler one harmonic
Expert,R_79bBz3856cnKDLj,13,2025-12-04,kilauea,HV.OBL.--.HHZ,24,1,2025-12-03T18:10:19.610Z,2025-12-03T22:25:43.520Z,3,2025-12-03T20:11:45.970Z,2025-12-03T20:32:50.450Z,16.04,45.96,Continuous,Unique,0.6562834527394631,8,Whistler one harmonic
Expert,R_79bBz3856cnKDLj,13,2025-12-04,kilauea,HV.OBL.--.HHZ,24,1,2025-12-03T18:10:19.610Z,2025-12-03T22:25:43.520Z,4,2025-12-03T20:40:46.190Z,2025-12-03T20:54:57.520Z,15.89,44.91,Continuous,Unique,0.6562834527394631,8,Whistler one harmonic
Expert,R_79bBz3856cnKDLj,13,2025-12-04,kilauea,HV.OBL.--.HHZ,24,1,2025-12-03T18:10:19.610Z,2025-12-03T22:25:43.520Z,5,2025-12-03T21:03:05.780Z,2025-12-03T21:18:07.190Z,16.51,43.36,Continuous,Unique,0.6562834527394631,8,Whistler one harmonic
Expert,R_79bBz3856cnKDLj,13,2025-12-04,kilauea,HV.OBL.--.HHZ,24,1,2025-12-03T18:10:19.610Z,2025-12-03T22:25:43.520Z,6,2025-12-03T21:26:02.930Z,2025-12-03T21:42:31.970Z,16.83,43.88,Impulsive,Unique,0.6562834527394631,8,Whistler one harmonic
Expert,R_79bBz3856cnKDLj,13,2025-12-04,kilauea,HV.OBL.--.HHZ,24,1,2025-12-03T18:10:19.610Z,2025-12-03T22:25:43.520Z,7,2025-12-03T21:44:49.690Z,2025-12-03T21:53:35.510Z,5.46,32.19,Continuous,Repeated,0.6562834527394631,8,Clicks 
Expert,R_79bBz3856cnKDLj,13,2025-12-04,kilauea,HV.OBL.--.HHZ,24,1,2025-12-03T18:10:19.610Z,2025-12-03T22:25:43.520Z,8,2025-12-03T18:25:33.530Z,2025-12-03T20:40:58.710Z,0.11,3.96,Impulsive,Repeated,4.0501448925839805,8,Tremor
Expert,R_79bBz3856cnKDLj,13,2025-12-04,kilauea,HV.OBL.--.HHZ,24,2,2025-12-03T07:31:14.540Z,2025-12-03T11:10:09.310Z,1,2025-12-03T07:57:10.530Z,2025-12-03T08:00:45.150Z,0.33,13.06,Impulsive,Unique,0.4089725439085098,7,Chugging event
Expert,R_79bBz3856cnKDLj,13,2025-12-04,kilauea,HV.OBL.--.HHZ,24,2,2025-12-03T07:31:14.540Z,2025-12-03T11:10:09.310Z,2,2025-12-03T08:28:28.460Z,2025-12-03T08:32:24.540Z,0.43,13.37,Impulsive,Unique,0.5465516181145978,7,Chugging event
Expert,R_79bBz3856cnKDLj,13,2025-12-04,kilauea,HV.OBL.--.HHZ,24,2,2025-12-03T07:31:14.540Z,2025-12-03T11:10:09.310Z,3,2025-12-03T08:13:37.790Z,2025-12-03T08:17:01.680Z,0.28,13.21,Impulsive,Unique,0.5465516181145978,7,Chugging event
Expert,R_79bBz3856cnKDLj,13,2025-12-04,kilauea,HV.OBL.--.HHZ,24,2,2025-12-03T07:31:14.540Z,2025-12-03T11:10:09.310Z,4,2025-12-03T08:47:15.220Z,2025-12-03T08:51:32.760Z,0.33,12.15,Impulsive,Unique,0.5465516181145978,7,Chugging event
Expert,R_79bBz3856cnKDLj,13,2025-12-04,kilauea,HV.OBL.--.HHZ,24,2,2025-12-03T07:31:14.540Z,2025-12-03T11:10:09.310Z,5,2025-12-03T09:04:57.590Z,2025-12-03T09:08:42.940Z,0.41,13.84,Impulsive,Unique,0.5465516181145978,7,Chugging event
Expert,R_79bBz3856cnKDLj,13,2025-12-04,kilauea,HV.OBL.--.HHZ,24,2,2025-12-03T07:31:14.540Z,2025-12-03T11:10:09.310Z,6,2025-12-03T09:45:33.530Z,2025-12-03T10:34:55.290Z,27.45,48.45,Continuous,Unique,0.5465516181145978,7,Isolated banded noise episode
Expert,R_79bBz3856cnKDLj,13,2025-12-04,kilauea,HV.OBL.--.HHZ,24,2,2025-12-03T07:31:14.540Z,2025-12-03T11:10:09.310Z,7,2025-12-03T09:23:44.350Z,2025-12-03T11:09:15.650Z,0.12,3.78,Continuous,Repeated,0.5465516181145978,7,Tremor
Expert,R_79bBz3856cnKDLj,13,2025-12-04,kilauea,HV.OBL.--.HHZ,24,3,2025-12-03T12:32:32.510Z,2025-12-03T15:03:11.490Z,1,2025-12-03T12:32:47.270Z,2025-12-03T14:46:34.540Z,25.81,47.13,Continuous,Unique,0.5465516181145978,1,Isolated banded noise
Expert,R_79bBz3856cnKDLj,13,2025-12-04,kilauea,HV.OBL.--.HHZ,24,4,2025-12-03T22:48:05.240Z,2025-12-04T01:58:45.210Z,1,2025-12-03T23:03:21.180Z,2025-12-04T00:07:22.540Z,11.34,41.80,Impulsive,Repeated,0.862049558734632,4,Shuffling banded noise with impulsive events
Expert,R_79bBz3856cnKDLj,13,2025-12-04,kilauea,HV.OBL.--.HHZ,24,4,2025-12-03T22:48:05.240Z,2025-12-04T01:58:45.210Z,2,2025-12-03T22:59:46.210Z,2025-12-03T23:02:06.410Z,2.35,32.24,Impulsive,Unique,0.862049558734632,4,Click
Expert,R_79bBz3856cnKDLj,13,2025-12-04,kilauea,HV.OBL.--.HHZ,24,4,2025-12-03T22:48:05.240Z,2025-12-04T01:58:45.210Z,3,2025-12-04T00:19:03.520Z,2025-12-04T00:20:36.990Z,4.02,27.97,Impulsive,Unique,0.862049558734632,4,Click
Expert,R_79bBz3856cnKDLj,13,2025-12-04,kilauea,HV.OBL.--.HHZ,24,4,2025-12-03T22:48:05.240Z,2025-12-04T01:58:45.210Z,4,2025-12-04T00:51:08.880Z,2025-12-04T00:53:01.030Z,6.15,29.42,Impulsive,Unique,0.862049558734632,4,Click
Expert,R_79bBz3856cnKDLj,14,2025-12-07,kilauea,HV.OBL.--.HHZ,24,1,2025-12-06T16:57:19.210Z,2025-12-06T19:09:43.260Z,1,2025-12-06T17:14:03.910Z,2025-12-06T17:14:28.870Z,11.49,21.03,Impulsive,Unique,5.0037719171811945,7,Click
Expert,R_79bBz3856cnKDLj,14,2025-12-07,kilauea,HV.OBL.--.HHZ,24,1,2025-12-06T16:57:19.210Z,2025-12-06T19:09:43.260Z,2,2025-12-06T17:19:47.130Z,2025-12-06T17:20:05.860Z,7.38,20.24,Impulsive,Unique,1.5896917420518502,7,Click
Expert,R_79bBz3856cnKDLj,14,2025-12-07,kilauea,HV.OBL.--.HHZ,24,1,2025-12-06T16:57:19.210Z,2025-12-06T19:09:43.260Z,3,2025-12-06T17:24:09.230Z,2025-12-06T17:24:21.710Z,8.58,17.02,Impulsive,Unique,1.5896917420518502,7,Click
Expert,R_79bBz3856cnKDLj,14,2025-12-07,kilauea,HV.OBL.--.HHZ,24,1,2025-12-06T16:57:19.210Z,2025-12-06T19:09:43.260Z,4,2025-12-06T17:28:43.810Z,2025-12-06T17:29:08.770Z,6.34,24.60,Impulsive,Unique,1.5896917420518502,7,Click
Expert,R_79bBz3856cnKDLj,14,2025-12-07,kilauea,HV.OBL.--.HHZ,24,1,2025-12-06T16:57:19.210Z,2025-12-06T19:09:43.260Z,5,2025-12-06T18:11:47.340Z,2025-12-06T18:12:31.030Z,7.52,21.73,Impulsive,Unique,1.5896917420518502,7,Click
Expert,R_79bBz3856cnKDLj,14,2025-12-07,kilauea,HV.OBL.--.HHZ,24,1,2025-12-06T16:57:19.210Z,2025-12-06T19:09:43.260Z,6,2025-12-06T18:22:23.870Z,2025-12-06T18:35:42.640Z,16.31,44.62,Continuous,Unique,0.8831347755853458,7,Whistler + one harmonic
Expert,R_79bBz3856cnKDLj,14,2025-12-07,kilauea,HV.OBL.--.HHZ,24,1,2025-12-06T16:57:19.210Z,2025-12-06T19:09:43.260Z,7,2025-12-06T17:09:23.090Z,2025-12-06T17:57:13.680Z,0.13,0.52,Continuous,Repeated,5.47201610353994,7,tremor
Expert,R_79bBz3856cnKDLj,14,2025-12-07,kilauea,HV.OBL.--.HHZ,24,2,2025-12-06T18:18:47.850Z,2025-12-07T08:16:12.250Z,1,2025-12-06T18:21:25.720Z,2025-12-07T05:06:05.620Z,0.10,17.47,Continuous,Unique,0.6231644911986942,4,Episode 38 eruption
Expert,R_79bBz3856cnKDLj,14,2025-12-07,kilauea,HV.OBL.--.HHZ,24,2,2025-12-06T18:18:47.850Z,2025-12-07T08:16:12.250Z,2,2025-12-06T18:22:05.190Z,2025-12-07T04:56:13.580Z,21.33,46.07,Continuous,Unique,0.6231644911986942,4,Eruptive tremor gradually increases in frequency
Expert,R_79bBz3856cnKDLj,14,2025-12-07,kilauea,HV.OBL.--.HHZ,24,2,2025-12-06T18:18:47.850Z,2025-12-07T08:16:12.250Z,3,2025-12-06T22:54:25.480Z,2025-12-06T23:01:39.640Z,0.21,19.18,Impulsive,Unique,1.3510667516017707,4,click
Expert,R_79bBz3856cnKDLj,14,2025-12-07,kilauea,HV.OBL.--.HHZ,24,2,2025-12-06T18:18:47.850Z,2025-12-07T08:16:12.250Z,4,2025-12-07T03:33:20.450Z,2025-12-07T03:38:36.210Z,0.87,20.14,Impulsive,Unique,1.3510667516017707,4,click
Expert,R_79bBz3856cnKDLj,14,2025-12-07,kilauea,HV.OBL.--.HHZ,24,3,2025-12-06T20:45:54.570Z,2025-12-07T09:33:09.310Z,1,2025-12-06T20:54:20.840Z,2025-12-06T21:32:55.230Z,0.10,35.30,Impulsive,Unique,1.3510667516017707,3,Larger event w low frequencies
Expert,R_79bBz3856cnKDLj,14,2025-12-07,kilauea,HV.OBL.--.HHZ,24,3,2025-12-06T20:45:54.570Z,2025-12-07T09:33:09.310Z,2,2025-12-07T06:07:37.930Z,2025-12-07T07:10:18.820Z,0.43,31.55,Continuous,Unique,1.3510667516017707,3,Eruptive tremor stops abruptly
Expert,R_79bBz3856cnKDLj,14,2025-12-07,kilauea,HV.OBL.--.HHZ,24,3,2025-12-06T20:45:54.570Z,2025-12-07T09:33:09.310Z,3,2025-12-07T07:18:45.090Z,2025-12-07T09:25:55.360Z,0.54,16.61,Continuous,Repeated,1.3510667516017707,3,"Chugging, frequency range cuts off"
Expert,R_79bBz3856cnKDLj,14,2025-12-07,kilauea,HV.OBL.--.HHZ,24,4,2025-12-07T10:01:26.750Z,2025-12-07T14:18:19.560Z,1,2025-12-07T10:13:21.090Z,2025-12-07T12:02:19.120Z,1.22,9.37,Impulsive,Unique,1.3510667516017707,4,Very periodic chugging
Expert,R_79bBz3856cnKDLj,14,2025-12-07,kilauea,HV.OBL.--.HHZ,24,4,2025-12-07T10:01:26.750Z,2025-12-07T14:18:19.560Z,2,2025-12-07T12:09:59.200Z,2025-12-07T13:31:06.410Z,0.94,1.44,Continuous,Repeated,3.199250145213978,4,tremor band
Expert,R_79bBz3856cnKDLj,14,2025-12-07,kilauea,HV.OBL.--.HHZ,24,4,2025-12-07T10:01:26.750Z,2025-12-07T14:18:19.560Z,3,2025-12-07T12:08:34.450Z,2025-12-07T13:32:43.270Z,0.17,0.43,Continuous,Repeated,3.199250145213978,4,lower frequency tremor band
Expert,R_79bBz3856cnKDLj,14,2025-12-07,kilauea,HV.OBL.--.HHZ,24,4,2025-12-07T10:01:26.750Z,2025-12-07T14:18:19.560Z,4,2025-12-07T10:59:45.800Z,2025-12-07T11:02:23.200Z,1.03,14.84,Impulsive,Unique,3.199250145213978,4,click
Expert,R_79bBz3856cnKDLj,15,2025-12-09,greatsitkin,AV.GSTD.--.BHZ,24,1,2025-12-08T17:13:19.660Z,2025-12-09T00:14:58.100Z,1,2025-12-08T21:53:28.540Z,2025-12-08T22:31:25.180Z,0.10,7.35,Impulsive,Unique,2.3297417398404154,3,Teleseismic earthquake?
Expert,R_79bBz3856cnKDLj,15,2025-12-09,greatsitkin,AV.GSTD.--.BHZ,24,1,2025-12-08T17:13:19.660Z,2025-12-09T00:14:58.100Z,2,2025-12-08T19:05:01.920Z,2025-12-08T19:38:21.980Z,0.10,0.33,Impulsive,Unique,2.3297417398404154,3,low frequency event
Expert,R_79bBz3856cnKDLj,15,2025-12-09,greatsitkin,AV.GSTD.--.BHZ,24,1,2025-12-08T17:13:19.660Z,2025-12-09T00:14:58.100Z,3,2025-12-08T17:13:19.660Z,2025-12-08T18:02:37.160Z,0.10,0.23,Impulsive,Unique,2.3297417398404154,3,low frequency event
Expert,R_79bBz3856cnKDLj,15,2025-12-09,greatsitkin,AV.GSTD.--.BHZ,24,2,2025-12-09T13:49:10.260Z,2025-12-09T16:38:47.800Z,1,2025-12-09T14:02:26.300Z,2025-12-09T14:03:26.220Z,0.74,8.37,Impulsive,Unique,2.130384134753714,4,click
Expert,R_79bBz3856cnKDLj,15,2025-12-09,greatsitkin,AV.GSTD.--.BHZ,24,2,2025-12-09T13:49:10.260Z,2025-12-09T16:38:47.800Z,2,2025-12-09T14:57:21.800Z,2025-12-09T14:59:13.080Z,0.99,11.27,Impulsive,Unique,2.130384134753714,4,click
Expert,R_79bBz3856cnKDLj,15,2025-12-09,greatsitkin,AV.GSTD.--.BHZ,24,2,2025-12-09T13:49:10.260Z,2025-12-09T16:38:47.800Z,3,2025-12-09T15:09:20.820Z,2025-12-09T15:09:55.060Z,2.16,10.76,Impulsive,Unique,2.130384134753714,4,click
Expert,R_79bBz3856cnKDLj,15,2025-12-09,greatsitkin,AV.GSTD.--.BHZ,24,2,2025-12-09T13:49:10.260Z,2025-12-09T16:38:47.800Z,4,2025-12-09T15:21:19.840Z,2025-12-09T15:21:54.080Z,2.27,8.63,Impulsive,Unique,2.130384134753714,4,click
Expert,R_79bBz3856cnKDLj,15,2025-12-09,greatsitkin,AV.GSTD.--.BHZ,24,3,2025-12-09T02:52:28.660Z,2025-12-09T12:02:32.960Z,1,2025-12-09T04:25:28.020Z,2025-12-09T04:36:34.200Z,0.33,10.39,Impulsive,Unique,2.130384134753714,3,click
Expert,R_79bBz3856cnKDLj,15,2025-12-09,greatsitkin,AV.GSTD.--.BHZ,24,3,2025-12-09T02:52:28.660Z,2025-12-09T12:02:32.960Z,2,2025-12-09T08:17:42.540Z,2025-12-09T11:55:36.580Z,0.86,10.69,Impulsive,Unique,2.130384134753714,3,crackling
Expert,R_79bBz3856cnKDLj,15,2025-12-09,greatsitkin,AV.GSTD.--.BHZ,24,3,2025-12-09T02:52:28.660Z,2025-12-09T12:02:32.960Z,3,2025-12-09T04:58:46.600Z,2025-12-09T06:25:45.100Z,0.10,0.44,Continuous,Repeated,2.130384134753714,3,tremor
Expert,R_79bBz3856cnKDLj,16,2025-12-09,shishaldin,AV.SSLS.--.BHZ,24,1,2025-12-08T17:02:25.380Z,2025-12-08T23:20:26.740Z,1,2025-12-08T17:15:08.400Z,2025-12-08T18:03:27.960Z,0.10,0.39,Impulsive,Unique,1,5,low frequency event (only hear at >1x speed)
Expert,R_79bBz3856cnKDLj,16,2025-12-09,shishaldin,AV.SSLS.--.BHZ,24,1,2025-12-08T17:02:25.380Z,2025-12-08T23:20:26.740Z,2,2025-12-08T19:08:38.540Z,2025-12-08T19:56:39.020Z,0.10,0.26,Impulsive,Unique,4.843622445407424,5,low frequency event
Expert,R_79bBz3856cnKDLj,16,2025-12-09,shishaldin,AV.SSLS.--.BHZ,24,1,2025-12-08T17:02:25.380Z,2025-12-08T23:20:26.740Z,3,2025-12-08T21:58:06.040Z,2025-12-08T22:50:33.580Z,0.10,0.98,Impulsive,Unique,1.157637270245434,5,low frequency event
Expert,R_79bBz3856cnKDLj,16,2025-12-09,shishaldin,AV.SSLS.--.BHZ,24,1,2025-12-08T17:02:25.380Z,2025-12-08T23:20:26.740Z,4,2025-12-08T18:07:55.020Z,2025-12-08T19:05:27.780Z,1.10,14.80,Impulsive,Repeated,1.157637270245434,5,"popcorn sounds, many events"
Expert,R_79bBz3856cnKDLj,16,2025-12-09,shishaldin,AV.SSLS.--.BHZ,24,1,2025-12-08T17:02:25.380Z,2025-12-08T23:20:26.740Z,5,2025-12-08T20:11:35.580Z,2025-12-08T21:51:44.520Z,0.13,1.28,Continuous,Repeated,1.1766196897134618,5,tremor
Expert,R_79bBz3856cnKDLj,16,2025-12-09,shishaldin,AV.SSLS.--.BHZ,24,2,2025-12-09T09:27:27.780Z,2025-12-09T13:11:36.660Z,1,2025-12-09T10:55:07.420Z,2025-12-09T12:22:24.460Z,0.16,1.16,Continuous,Repeated,1.157637270245434,3,tremor
Expert,R_79bBz3856cnKDLj,16,2025-12-09,shishaldin,AV.SSLS.--.BHZ,24,2,2025-12-09T09:27:27.780Z,2025-12-09T13:11:36.660Z,2,2025-12-09T10:23:15.860Z,2025-12-09T12:00:21.060Z,8.04,21.07,Impulsive,Unique,1.157637270245434,3,higher frequency broadband noise
Expert,R_79bBz3856cnKDLj,16,2025-12-09,shishaldin,AV.SSLS.--.BHZ,24,2,2025-12-09T09:27:27.780Z,2025-12-09T13:11:36.660Z,3,2025-12-09T09:34:14.960Z,2025-12-09T10:14:24.240Z,1.22,13.22,Impulsive,Repeated,1.1766196897134618,3,popcorn sounds (many events)
Expert,R_79bBz3856cnKDLj,17,2025-12-09,kilauea,HV.OBL.--.HHZ,24,1,2025-12-08T18:04:31.350Z,2025-12-08T23:03:47.420Z,1,2025-12-08T18:15:20.720Z,2025-12-08T18:28:56.220Z,16.38,46.50,Continuous,Unique,1,12,whistler one harmonic
Expert,R_79bBz3856cnKDLj,17,2025-12-09,kilauea,HV.OBL.--.HHZ,24,1,2025-12-08T18:04:31.350Z,2025-12-08T23:03:47.420Z,2,2025-12-08T18:39:30.500Z,2025-12-08T18:48:19.060Z,10.56,47.05,Continuous,Unique,0.6210169418915616,12,whistler two harmonics
Expert,R_79bBz3856cnKDLj,17,2025-12-09,kilauea,HV.OBL.--.HHZ,24,1,2025-12-08T18:04:31.350Z,2025-12-08T23:03:47.420Z,3,2025-12-08T19:15:30.060Z,2025-12-08T19:26:19.440Z,16.71,46.50,Continuous,Unique,0.6210169418915616,12,whistler one harmonic
Expert,R_79bBz3856cnKDLj,17,2025-12-09,kilauea,HV.OBL.--.HHZ,24,1,2025-12-08T18:04:31.350Z,2025-12-08T23:03:47.420Z,4,2025-12-08T19:38:54.530Z,2025-12-08T19:50:14.110Z,16.71,45.69,Continuous,Unique,0.6210169418915616,12,whistler one harmonic
Expert,R_79bBz3856cnKDLj,17,2025-12-09,kilauea,HV.OBL.--.HHZ,24,1,2025-12-08T18:04:31.350Z,2025-12-08T23:03:47.420Z,5,2025-12-08T20:20:11.230Z,2025-12-08T20:40:34.480Z,17.87,44.09,Continuous,Unique,0.6210169418915616,12,whistler one harmonic
Expert,R_79bBz3856cnKDLj,17,2025-12-09,kilauea,HV.OBL.--.HHZ,24,1,2025-12-08T18:04:31.350Z,2025-12-08T23:03:47.420Z,6,2025-12-08T20:47:52.430Z,2025-12-08T20:59:27.110Z,17.20,43.82,Continuous,Unique,0.6210169418915616,12,whistler one harmonic
Expert,R_79bBz3856cnKDLj,17,2025-12-09,kilauea,HV.OBL.--.HHZ,24,1,2025-12-08T18:04:31.350Z,2025-12-08T23:03:47.420Z,7,2025-12-08T21:03:43.840Z,2025-12-08T21:14:18.120Z,17.20,42.77,Continuous,Unique,0.6210169418915616,12,whistler one harmonic
Expert,R_79bBz3856cnKDLj,17,2025-12-09,kilauea,HV.OBL.--.HHZ,24,1,2025-12-08T18:04:31.350Z,2025-12-08T23:03:47.420Z,8,2025-12-08T21:45:30.750Z,2025-12-08T22:02:37.670Z,16.30,43.69,Continuous,Unique,0.6210169418915616,12,whistler one harmonic
Expert,R_79bBz3856cnKDLj,17,2025-12-09,kilauea,HV.OBL.--.HHZ,24,1,2025-12-08T18:04:31.350Z,2025-12-08T23:03:47.420Z,9,2025-12-08T19:26:49.640Z,2025-12-08T19:28:50.460Z,0.90,15.67,Impulsive,Unique,0.6210169418915616,12,click
Expert,R_79bBz3856cnKDLj,17,2025-12-09,kilauea,HV.OBL.--.HHZ,24,1,2025-12-08T18:04:31.350Z,2025-12-08T23:03:47.420Z,10,2025-12-08T18:37:14.580Z,2025-12-08T19:02:39.870Z,1.04,8.81,Impulsive,Repeated,1.710405831105761,12,chugging
Expert,R_79bBz3856cnKDLj,17,2025-12-09,kilauea,HV.OBL.--.HHZ,24,1,2025-12-08T18:04:31.350Z,2025-12-08T23:03:47.420Z,11,2025-12-08T22:12:56.850Z,2025-12-08T22:59:45.790Z,14.78,15.72,Continuous,Repeated,1.710405831105761,12,narrow continuous tremor band
Expert,R_79bBz3856cnKDLj,17,2025-12-09,kilauea,HV.OBL.--.HHZ,24,1,2025-12-08T18:04:31.350Z,2025-12-08T23:03:47.420Z,12,2025-12-08T19:47:27.990Z,2025-12-08T21:29:39.330Z,0.13,0.56,Continuous,Repeated,1.710405831105761,12,tremor
Expert,R_79bBz3856cnKDLj,17,2025-12-09,kilauea,HV.OBL.--.HHZ,24,2,2025-12-09T06:41:46.770Z,2025-12-09T13:31:18.240Z,1,2025-12-09T06:58:39.380Z,2025-12-09T08:48:11.060Z,27.66,33.92,Continuous,Repeated,1.710405831105761,4,Two bands of intermittent tremor
Expert,R_79bBz3856cnKDLj,17,2025-12-09,kilauea,HV.OBL.--.HHZ,24,2,2025-12-09T06:41:46.770Z,2025-12-09T13:31:18.240Z,2,2025-12-09T06:49:00.740Z,2025-12-09T07:42:23.920Z,14.79,15.89,Impulsive,Unique,1.2354550392365846,4,narrow continuous tremor
Expert,R_79bBz3856cnKDLj,17,2025-12-09,kilauea,HV.OBL.--.HHZ,24,2,2025-12-09T06:41:46.770Z,2025-12-09T13:31:18.240Z,3,2025-12-09T07:46:31.910Z,2025-12-09T08:44:23.740Z,0.87,25.61,Continuous,Unique,1.2354550392365846,4,broadbang chugging higher amplitude
Expert,R_79bBz3856cnKDLj,17,2025-12-09,kilauea,HV.OBL.--.HHZ,24,2,2025-12-09T06:41:46.770Z,2025-12-09T13:31:18.240Z,4,2025-12-09T09:32:16.270Z,2025-12-09T10:39:05.400Z,0.94,13.98,Continuous,Repeated,1.2354550392365846,4,chugging
